"","id","Year","fullCit","count","Source"
"1","Mayhew_1861",1861,"Watercress Girl / Henry Mayhew -- 1861",1,"Primary Works"
"2","Dickens_1860",1860,"The Great Tasmania's Cargo / Charles Dickens -- 1860",1,"Primary Works"
"3","Whitman_1863",1863,"from Specimen Days / Walt Whitman -- 1863",1,"Primary Works"
"4","Stead_1894",1894,"from If Christ Came to Chicago / W.T. Stead -- 1894",2,"Primary Works"
"5","Crane_1894",1894,"When Man Falls, a Crown Gathers / Stephen Crane -- 1894",2,"Primary Works"
"6","Crane_1898",1898,"An Experiment in Misery / Stephen Crane -- 1898",2,"Primary Works"
"7","Davis_1903",1903,"The Death of Rodriguez / Richard Harding Davis -- 1903",3,"Primary Works"
"8","Cahan_1898",1898,"Can't Get Their Minds Ashore / Abraham Cahan -- 1898 ",2,"Primary Works"
"9","Cahan_1899",1899,"Pillelu, Pillelu! / Abraham Cahan -- 1899",3,"Primary Works"
"10","London_1902",1902,"from The People of the Abyss / Jack London -- 1902",2,"Primary Works"
"11","Markey_1931",1931,"Drift / Morris Markey -- 1931",2,"Primary Works"
"12","Powell_1939",1939,"from Ninety Times Guilty / Hickman Powell -- 1939",3,"Primary Works"
"13","Bernstein_1945",1945,"Juke Joint / Walter Bernstein -- 1945",1,"Primary Works"
"14","Hersey_1946",1946,"from Hiroshima / John Hersey -- 1946",4,"Primary Works"
"15","Heinz_1947",1947,"The Day of the Fight / W.C. Heinz -- 1947 ",1,"Primary Works"
"16","Ross_1950",1950,"from ""Portrait of Hemingway"" / Lillian Ross -- 1950",2,"Primary Works"
"17","Lewis_1958",1958,"Two Generals / Norman Lewis -- 1958",2,"Primary Works"
"18","Talese_1970",1970,"The Silent Season of a Hero / Gay Talese -- 1970",4,"Primary Works"
"19","Capole_1966",1966,"from In Cold Blood / Truman Capole -- 1966",5,"Primary Works"
"20","Wolfe_1968",1968,"from The Electric Kool-Aid Acid Test / Tom Wolfe -- 1968",8,"Primary Works"
"21","Read_1974",1974,"from Alive / Piers Paul Read -- 1974",2,"Primary Works"
"22","Kidder_1985",1985,"from House / Tracy Kidder -- 1985",11,"Primary Works"
"23","Goldman_1988",1988,"from Brothers / Sylvester Monroe and Peter Goldman -- 1988",8,"Primary Works"
"24","Greene_1991",1991,"So ... We Meet at Last, Mr. Bond / Bob Greene -- 1991",8,"Primary Works"
"25","Smith_1991",1991,"Shadow of a Nation / Gary Smith -- 1991",8,"Primary Works"
"26","Cramer_1992",1992,"from What It Takes / Richard Ben Cramer -- 1992",8,"Primary Works"
"27","Orwell_1968",1968,"The Spike / George Orwell -- 1968",8,"Primary Works"
"28","Cooke_1950",1950,"from ""The Bronx Slave Market"" / Marvel Cooke -- 1950",2,"Primary Works"
"29","Liebling_1961",1961,"from The Earl of Louisiana / A.J. Liebling -- 1961",4,"Primary Works"
"30","Stump_1994",1994,"The Fight to Live / Al Stump -- 1994",3,"Primary Works"
"31","Mailer_1968",1968,"from The Armies of the Night / Norman Mailer -- 1968",8,"Primary Works"
"32","Thompson_1971",1971,"from ""The Scum Also Rises"" / Hunter S. Thompson -- 1971",5,"Primary Works"
"33","Rosenbaum_1991",1991,"The Last Secrets of Skull and Bones / Ron Rosenbaum -- 1991",8,"Primary Works"
"34","Conover_1987",1987,"from Coyotes / Ted Conover -- 1987",9,"Primary Works"
"35","Fenton_1988",1988,"from ""The Snap Revolution"" / James Fenton -- 1988",8,"Primary Works"
"36","Simpson_1989",1989,"Tiananmen Square / John Simpson -- 1989 ",10,"Primary Works"
"37","Buford_1990",1990,"from Among the Thugs / Bill Buford --  1990",4,"Primary Works"
"38","Mahoney_1993",1993,"from Whoredom in Kimmage / Rosemary Mahoney -- 1993",6,"Primary Works"
"39","Graham_1993",1993,"from ""Harlem on My Mind"" / Lawrence Otis Graham -- 1993",6,"Primary Works"
"40","Covington_1995",1995,"from ""Snake Handling and Redemption"" / Dennis Covington -- 1995",5,"Primary Works"
"41","Hecht_1922",1922,"The Pig / Ben Hecht -- 1922",3,"Primary Works"
"42","Hemingway_1923",1923,"Japanese Earthquake / Ernest Hemingway -- 1923",3,"Primary Works"
"43","Agee_1939",1939,"from Let Us Now Praise Famous Men / James Agee -- 1939",3,"Primary Works"
"44","Gellhorn_1938",1938,"The Third Winter / Martha Gellhorn -- 1938",5,"Primary Works"
"45","Orwell_1953",1953,"Marrakech / George Orwell -- 1953",1,"Primary Works"
"46","Mitchell_1992",1992,"Lady Olga / Joseph Mitchell -- 1992",8,"Primary Works"
"47","West_1941",1941,"from Black Lamb and Grey Falcon / Rebecca West -- 1941",4,"Primary Works"
"48","Steinbeck_1943",1943,"from Once There Was a War / John Steinbeck -- 1943",4,"Primary Works"
"49","Cannon_1946",1946,"Lethal Lightning / Jimmy Cannon -- 1946",4,"Primary Works"
"50","Breslin_1967",1967,"It's an Honor / Jimmy Breslin -- 1967",6,"Primary Works"
"51","Wolfe_1964",1964,"The Girl of the Year / Tom Wolfe -- 1964",3,"Primary Works"
"52","Didion_1968",1968,"Los Angeles Notebook / Joan Didion -- 1968",8,"Primary Works"
"53","Mcphee_1967",1967,"from The Pine Barrens / John Mcphee -- 1967",6,"Primary Works"
"54","Herr_1977",1977,"from Dispatches / Michael Herr -- 1977",7,"Primary Works"
"55","Kapuscinski_1976",1976,"from Another Day of Life / Ryszard Kapuscinski -- 1976",6,"Primary Works"
"56","Simon_1991",1991,"from Homicide / David Simon -- 1991",8,"Primary Works"
"57","Alexiyevich_1990",1990,"from Boys in Zinc / Svetlana Alexiyevich -- 1990",4,"Primary Works"
"58","Winerip_1987",1987,"Holiday Pageant: The Importance of Being Bluebell / Michael Winerip. -- 1987",9,"Primary Works"
"59","Ade_1963",1963,"Ade, George. Chicago Stories. Edited by Franklin J. Meine; illustrated by John T. McCutcheon and others. Chicago: Henry Regnery, 1963. Selected journalism from early in the century.",2,"Primary Works"
"60","Baker_1908",1908,"Baker, Ray Stannard. Following the Color Line. New York: Harper Torchbooks, 1964. Originally published by Doubleday, Page & Co. in 1908.",1,"Primary Works"
"61","Banks_2003",2003,"Banks, Elizabeth L. Campaigns of Curiosity: Journalistic Adventures of an American Girl in Late Victorian London. Introduction by Mary Suzanne Schriber and Abbey Zink. (Orig. 1894, reprinted by University of Wisconsin Press, 2003.)",5,"Primary Works"
"62","Berkman_1912",1912,"Berkman, Alexander. Prison Memoirs of an Anarchist. Introduction by Hutchins Hapgood; new introduction by Paul Goodman. New York: Schocken Books, 1970. Originally published 1912.",1,"Primary Works"
"63","Borrow_1899",1899,"Borrow, George. The Bible in Spain. New York: G. P. Putnam's Sons, 1899.",3,"Primary Works"
"64","Borrow_1923",1923,"Borrow, George. The Zincali: An Account of the Gypsies of Spain. London: John Murray, 1923.",3,"Primary Works"
"65","Cahan_1985",1985,"Cahan, Abraham. Grandma Never Lived in America: The New Journalism of Abraham Cahan. Edited with an introduction by Moses Rischin. Bloomington: Indiana University Press, 1985.",11,"Primary Works"
"66","Crane_1973",1973,"Crane, Stephen. Tales, Sketches, and Reports, Vol. 7 of The Works of Stephen Crane, edited by Fredson Bowers. Charlottesville: University Press of Virginia, 1973.",2,"Primary Works"
"67","Davis_1916",1916,"Davis, Richard Harding. The Red Cross Girl. New York: Charles Scribner's Sons, 1916.",1,"Primary Works"
"68","Davis_1897",1897,"Davis, Richard Harding. A Year from a Reporter's Note-Book. New York: Harper & Brothers, 1897. ",1,"Primary Works"
"69","Dreiser_1985",1985,"Dreiser, Theodore. Selected Magazine Articles of Theodore Dreiser: Life and Art in the American 1890s. Edited, with an introduction and notes, by Yoshinobu Hakutani. Rutherford, Madison, Teaneck: Fairleigh Dickinson University Press, 1985.",11,"Primary Works"
"70","Du_1903",1903,"Du Bois, W. E. B. The Souls of Black Folk, edited by Saunders Redding. New York: Fawcett, 1961. Originally published in 1903.",3,"Primary Works"
"71","Du_1986",1986,"Du Bois, W. E. B. W E. B. DuBois: Writings, edited by Nathan Huggins. New York: The Library of America, 1986.",7,"Primary Works"
"72","Dunne_1943",1943,"Dunne, Finley Peter. Mr. Dooley at His Best. Edited by Elmer Ellis. New York: Scribner's, 1943.",4,"Primary Works"
"73","Durland_1907",1907,"Durland, Kellogg. The Red Reign: The True Story of an Adventurous Year in Russia. New York: The Century Co., 1907.",2,"Primary Works"
"74","Finerty_1890",1890,"Finerty, John F. War-Path and Bivouac or The Conquest of the Sioux. Norman and London: University of Oklahoma Press, 1994; originally published 1890.",2,"Primary Works"
"75","Flynt_1899",1899,"Flynt, Josiah. Tramping with Tramps: Studies and Sketches of Vagabond Life. New York: The Century Co., 1899.",3,"Primary Works"
"76","Hapgood_1902",1902,"Hapgood, Hutchins. An Anarchist Woman. New York: Duffield & Co., 1909. ——. The Spirit of the Ghetto: Studies of the Jewish Quarter in New York. Introduction by Moses Rischin. Cambridge: Harvard University Press, 1967. Originally published in 1902.",2,"Primary Works"
"77","Hapgood_1907",1907,"Hapgood, Hutchins. The Spirit of Labor. New York: Duffield & Co., 1907.",2,"Primary Works"
"78","Hapgood_1910",1910,"Hapgood, Hutchins. Types from City Streets. New York and London: Funk & Wagnalls Co., 1910. Magazine articles and sketches.",1,"Primary Works"
"79","Hearn_1924",1924,"Hearn, Lafcadio. Creole Sketches. Edited by Charles Woodward Hutson. Bostonand New York: Houghton Mifflin, 1924.",1,"Primary Works"
"80","Hearn_1884",1884,"Hearn, Lafcadio. Fantastics and Other Fancies. Boston and New York: Houghton Mifflin,1914. New Orleans newspaper articles, 1879-1884.",1,"Primary Works"
"81","Lange_1939",1939,"Lange, Dorothea and Paul S. Taylor. An American Exodus: A Record of Human Erosion. New York: Reynal & Hitchcock, 1939.",3,"Primary Works"
"82","London_1979",1979,"London, Jack. Jack London on the Road: The Tramp Diary and Other Hobo Writings. Edited by Richard W. Etulain. Logan, Utah: Utah State University Press, 1979.",7,"Primary Works"
"83","London_1903",1903,"London, Jack. The People of the Abyss. New York: Grosset & Dunlap, 1903.",3,"Primary Works"
"84","London_1975",1975,"London, Jack. The Road. New York: The Macmillan Co., 1907. Reed, John. Adventures of a Young Man: Short Stories from Life. San Francisco: City Lights Books, 1975.",2,"Primary Works"
"85","London_1955",1955,"London, Jack. The Education of John Reed. With an introductory essay by John Stuart. New York: International Publishers, 1955.",1,"Primary Works"
"86","London_1914",1914,"London, Jack. Insurgent Mexico. New York: International Publishers, 1969. First published 1914.",1,"Primary Works"
"87","Riis_1890",1890,"Riis, Jacob A. How the Other Half Lives: Studies Among the Tenements of New York. New York: Charles Scribner’s Sons, 1890.",2,"Primary Works"
"88","Schuyler_1877",1877,"Schuyler, Eugene. Turkistan: Notes of a Journey in Russian Turkistan, Kokand, Bukhara and Kuldja. Edited and with an introduction by Geoffrey Wheeler; abridged by K. E. West. New York, Washington: Frederick A. Praeger, 1966. Originally published in two volumes, New York: Scribner, Armstrong & Co., 1877.",1,"Primary Works"
"89","Turgenev_1852",1852,"Turgenev, Ivan. A Sportsman's Notebook. New York: Viking, 1950. Originally published 1852.",1,"Primary Works"
"90","Twain_1961",1961,"Twain, Mark. The Complete Humorous Sketches and Tales of Mark Twain. Edited, and with an introduction, by Charles Neider. Garden City, N.Y.: Doubleday & Co., 1961.",4,"Primary Works"
"91","Twain_1979",1979,"Twain, Mark. Early Tales & Sketches. Vols. 1 (1851-1864) and 2 (1864-1865). Edited by Edgar Marquess Branch and Robert H. Hirst with the assistance of Harriet Elinor Smith. Berkeley, Los Angeles: University of California Press, 1979.",7,"Primary Works"
"92","Twain_1869",1869,"Twain, Mark. Innocents Abroad: or, The New Pilgrim's Progress. New York: Signet Classics, 1966; originally published 1869.",1,"Primary Works"
"93","Twain_1883",1883,"Twain, Mark. Life on the Mississippi. New York: New American Library, 1980. Originally published 1883.",1,"Primary Works"
"94","Twain_1871",1871,"Twain, Mark. Roughing It. Hartford, Conn.: American Publishing Co., 1895; originally published 1871.",1,"Primary Works"
"95","West_1982",1982,"West, Rebecca. The Young Rebecca: Writings of Rebecca West 1911–17. Selected and introduced by Jane Marcus. New York: Viking, 1982.",5,"Primary Works"
"96","Wyckoff_1901",1901,"Wyckoff, Walter A. A Day with a Tramp, and Other Days. New York: Benjamin Blom Inc., 1971; originally published 1901.",1,"Primary Works"
"97","Adamic_1938",1938,"Adamic, Louis. My America 1928-1938. New York: Harper & Brothers, 1938. ",5,"Primary Works"
"98","Ade_1931",1931,"Ade, George. The Old Time Saloon. New York: R. Long & R. R. Smith, 1931. ",2,"Primary Works"
"99","Agee_1985",1985,"Agee, James. James Agee: Selected Journalism. Edited, with an introduction, by Paul Ashdown. Knoxville: University of Tennessee Press, 1985. ",11,"Primary Works"
"100","Agee_1941",1941,"Agee, James. Let Us Now Praise Famous Men. Photos by Walker Evans, with an introduction by John Hersey. Boston: Houghton Mifflin, 1988. Originally published in 1941.",4,"Primary Works"
"101","Berger_1942",1942,"Berger, Meyer. The Eight Million: Journal of a New York Correspondent. New York: Columbia University Press, 1983. Originally published by Simon and Schuster, 1942.",3,"Primary Works"
"102","Berger_1960",1960,"Berger, Meyer. Meyer Berger’s New York. New York: Random House, 1960.",5,"Primary Works"
"103","Bolitho_1930",1930,"Bolitho, William. Camera Obscura. New York: Simon and Schuster, 1930. ",1,"Primary Works"
"104","Caldwell_1937",1937,"Caldwell, Erskine, and Margaret Bourke-White. You Have Seen Their Faces. New York: Modern Age Books, 1937.",2,"Primary Works"
"105","Capote_1956",1956,"Capote, Truman. The Muses Are Heard. New York: Random House, 1956. ",2,"Primary Works"
"106","Dorr_1970",1970,"Dorr, Rheta Childe. Inside the Russian Revolution. New York: Macmillan Co., 1918. Reprinted by Arno Press in 1970.",4,"Primary Works"
"107","Dos_1934",1934,"Dos Passos, John. In All Countries. New York: Harcourt, Brace and Co., 1934. ",1,"Primary Works"
"108","Dos_1927",1927,"Dos Passos, John. Orient Express. New York: Harper & Brothers, 1922, 1927.",1,"Primary Works"
"109","Dos_1922",1922,"Dos Passos, John. Rosinante to the Road Again. New York: George H. Doran Co., 1922. ",3,"Primary Works"
"110","Dreiser_1923",1923,"Dreiser, Theodore. The Color of a Great City. New York: Boni and Liveright, 1923.",3,"Primary Works"
"111","Dos_1977",1977,"Dos Passos, John. Theodore Dreiser: A Selection of Uncollected Prose. Detroit: Wayne State University Press, 1977.",7,"Primary Works"
"112","Flanner_1965",1965,"Flanner, Janet.(Genêt) Paris Journal 1944-1965. Edited by William Shawn. New York: Atheneum, 1965.",5,"Primary Works"
"113","Flanner_1972",1972,"Flanner, Janet. Paris Was Yesterday (1925-1939). New York: Popular Library, 1972. ",2,"Primary Works"
"114","Gellhorn_1988",1988,"Gellhorn, Martha. “The Third Winter” in The Face of War. New York: Atlantic Monthly Press, 1988.",8,"Primary Works"
"115","Flanner_1936",1936,"Flanner, Janet. The Trouble I’ve Seen. New York: William Morrow and Co., 1936. ",1,"Primary Works"
"116","Hecht_1922",1922,"Hecht, Ben. 1001 Afternoons in Chicago. Chicago: Pascal Covici, 1922. ",3,"Primary Works"
"117","Hemingway_1967",1967,"Hemingway, Ernest. By-Line: Ernest Hemingway. Edited by William White. New York: Scribner's, 1967.",6,"Primary Works"
"118","Flanner_1960",1960,"Flanner, Janet. The Dangerous Summer. New York: Scribner's, 1985. Originally published 1960.",5,"Primary Works"
"119","Flanner_1985",1985,"Flanner, Janet. Dateline: Toronto; The Complete Toronto Star Dispatches, 1920-1924. Edited by William White. New York: Charles Scribner's Sons,1985.",11,"Primary Works"
"120","Flanner_1932",1932,"Flanner, Janet. Death in the Afternoon. New York: Scribner's, 1932.",1,"Primary Works"
"121","Flanner_1935",1935,"Flanner, Janet. Green Hills of Africa. New York: Scribner's, 1935.",1,"Primary Works"
"122","Flanner_1964",1964,"Flanner, Janet. A Moveable Feast. New York: Scribner's, 1964.",3,"Primary Works"
"123","Hersey_1963",1963,"Hersey, John. Here to Stay. New York: Alfred A. Knopf, 1963. Collected stories from World War II.",2,"Primary Works"
"124","Hersey_1946",1946,"Hersey, John. Hiroshima. New York: Alfred A. Knopf, 1946.",4,"Primary Works"
"125","LeBlanc_2003",2003,"LeBlanc, Adrian Nicole. Random Family: Love, Drugs, Trouble, and Coming of Age in the Bronx. New York: Scribner, 2003.",5,"Primary Works"
"126","Liebling_1938",1938,"Liebling, A. J. Back Where I Came From. New York: Sheridan House, 1938. ",5,"Primary Works"
"127","Liebling_2004",2004,"Liebling, A. J. Just Enough Liebling: Classic Work by the Legendary New Yorker Writer. Introduction by David Remnick. New York: North Point Press, 2004. ",4,"Primary Works"
"128","Liebling_1981",1981,"Liebling, A. J. Liebling Abroad. Introduction by Raymond Sokolov. Playboy Press, 1981. Contains: The Road Back to Paris, Mollie & Other War Pieces, Normandy Revisited, Between Meals: An Appetite for Paris.",4,"Primary Works"
"129","Liebling_1956",1956,"Liebling, A. J. Liebling at Home. Introduction by Herbert Mitgang. Wideview Books, 1982. Contains: The Telephone Booth Indian; Chicago: The Second City; The Honest Rainmaker; The Earl of Louisiana; and The Jolity Building. ——. The Sweet Science. New York: Viking, 1956.",2,"Primary Works"
"130","McCarthy_1951",1951,"McCarthy, Mary. On the Contrary. New York: Farrar, Straus and Cudahy, 1961. McKelway, St. Clair. True Tales from the Annals of Crime and Rascality. New York: Random House, 1951.",2,"Primary Works"
"131","McNulty_1951",1951,"McNulty, John. A Man Gets Around. Boston: Little, Brown and Co., 1951. ",2,"Primary Works"
"132","McNulty_1946",1946,"McNulty, John. Third Avenue, New York. Boston: Little, Brown and Co., 1946.",4,"Primary Works"
"133","McNulty_1957",1957,"McNulty, John. The World of John McNulty. With an appreciation by James Thurber. Garden City, N.Y.: Doubleday & Co., 1957",1,"Primary Works"
"134","Mitchell_1960",1960,"Mitchell, Joseph. The Bottom of the Harbor. Boston: Little, Brown and Company, 1960.",5,"Primary Works"
"135","Mitchell_1943",1943,"Mitchell, Joseph. McSorley's Wonderful Saloon. New York: Duell, Sloan and Pearce, 1943. ",4,"Primary Works"
"136","Mitchell_1960",1960,"Mitchell, Joseph. ""The Mohawks in High Steel,"" in Apologies to the Iroquois, with Edmund Wilson. New York: Farrar, Straus, 1960.",5,"Primary Works"
"137","Mitchell_1938",1938,"Mitchell, Joseph. My Ears Are Bent. New York: Sheridan House, 1938.",5,"Primary Works"
"138","Mitchell_1992",1992,"Mitchell, Joseph. Up in the Old Hotel. New York: Random House, 1992.",8,"Primary Works"
"139","Orwell_1933",1933,"Orwell, George. Down and Out in Paris and London. London: Gollancz, 1933. ",1,"Primary Works"
"140","Orwell_1938",1938,"Orwell, George. Homage to Catalonia. London: Secker & Warburg, 1938.",5,"Primary Works"
"141","Orwell_1937",1937,"Orwell, George. The Road to Wigan Pier. London: Gollancz, 1937.",2,"Primary Works"
"142","Paul_1971",1971,"Paul, Elliot. The Life and Death of a Spanish Town. New York: Random House, 1937. Reprinted by Greenwood Press, 1971.",5,"Primary Works"
"143","Paul_1942",1942,"Paul, Elliot. The Last Time I Saw Paris. New York: Random House, 1942.",3,"Primary Works"
"144","Reed_1919",1919,"Reed, John. Ten Days That Shook the World. Foreword by V. I. Lenin. New York: Vintage Books, 1960. First published 1919.",1,"Primary Works"
"145","Reed_1918",1918,"Reed, John. The War in Eastern Europe. New York: Charles Scribner's Sons, 1918. ",1,"Primary Works"
"146","Ross_1952",1952,"Ross, Lillian. Picture: John Huston, M.G. M., and the Making of The Red Badge of Courage. New York: Limelight Editions, 1984. First published in 1952. ",1,"Primary Works"
"147","Ross_1981",1981,"Ross, Lillian. Reporting. New York: Dodd, Mead & Co., 1964, 1981.",4,"Primary Works"
"148","Reed_1983",1983,"Reed, John. Takes: Stories from The Talk of the Town. New York: Congdon & Weed, Inc., 1983.",4,"Primary Works"
"149","Reed_1966",1966,"Reed, John. Talk Stories. New York: Simon and Schuster, 1966.",5,"Primary Works"
"150","Shirer_1941",1941,"Shirer, William L. Berlin Diary. New York: Alfred A. Knopf, 1941.",4,"Primary Works"
"151","Steinbeck_1942",1942,"Steinbeck, John. Bombs Away: The Story of a Bomber Team. New York: Viking, 1942.",3,"Primary Works"
"152","Steinbeck_1943",1943,"Steinbeck, John. Once There Was a War. New York: Viking, 1958. First published in 1943. ",4,"Primary Works"
"153","Steinbeck_1948",1948,"Steinbeck, John. A Russian Journal. With pictures by Robert Capa. New York: Viking, 1948. ",1,"Primary Works"
"154","West_1941",1941,"West, Rebecca. Black Lamb and Grey Falcon; A Journey through Yugoslavia. New York: Viking, 1941.",4,"Primary Works"
"155","Steinbeck_1964",1964,"Steinbeck, John. The New Meaning of Treason. New York: Viking, 1964.",3,"Primary Works"
"156","West_1978",1978,"West, Rebecca. Rebecca West — A Celebration. Selected from her writings, with a critical introduction by Samuel Hynes. New York: Penguin Books, 1978. ",3,"Primary Works"
"157","Wilson_1958",1958,"Wilson, Edmund. The American Earthquake. Garden City, N.Y.: Doubleday & Co., 1958.",2,"Primary Works"
"158","White_1977",1977,"White, E. B. Essays of E. B. White. New York: Harper Colophon Books, 1977. ",7,"Primary Works"
"159","White_1949",1949,"White, E. B. Here Is New York. New York: Harper & Brothers, 1949.",1,"Primary Works"
"160","White_1960",1960,"White, E. B. The Second Tree from the Corner. New York: Harper & Row, 1965. Since 1960",5,"Primary Works"
"161","Anzaldu_1987",1987,"Anzaldúa, Gloria. Borderlands/La Frontera: The New Mestiza. San Francisco: Spinsters/Aunt Lute Book Co., 1987.",9,"Primary Works"
"162","Arlen_1980",1980,"Arlen, Michael J. Thirty Seconds. New York: Farrar, Straus, Giroux, 1980. ",10,"Primary Works"
"163","Bangs_1987",1987,"Bangs, Lester. Psychotic Reactions and Carburetor Dung. New York: Alfred A. Knopf, 1987.",9,"Primary Works"
"164","Barich_2005",2005,"Barich, Bill. A Fine Place to Daydream: Racehorses, Romance, and the Irish. New York: Alfred A. Knopf, 2005.",5,"Primary Works"
"165","Barich_1980",1980,"Barich, Bill. Laughing in the Hills. New York: Viking Penguin, 1980.",10,"Primary Works"
"166","Bedford_1961",1961,"Bedford, Sybille. The Faces of Justice: A Traveller's Report. New York: Simon and Schuster, 1961.",4,"Primary Works"
"167","Bissinger_1990",1990,"Bissinger, H. G. “Buzz.” Friday Night Lights: A Town, a Team, and a Dream. Reading, Mass,: Addison Wesley, 1990.",4,"Primary Works"
"168","Bissinger_1997",1997,"Bissinger, H. G. A Prayer for the City. New York: Random House, 1997.  ",4,"Primary Works"
"169","Bissinger_2005",2005,"Bissinger, H. G. Three Nights in August: Strategy, Heartbreak, and Joy Inside the Mind of a Manager. Boston and New York: Houghton Mifflin Co., 2005.",5,"Primary Works"
"170","Blais_1992",1992,"Blais, Madeleine. The Heart Is an Instrument: Portraits in Journalism. Foreword by Geneva Overholser. Amherst: University of Massachusetts Press, 1992.",8,"Primary Works"
"171","Blais_1995",1995,"Blais, Madeleine. In These Girls, Hope Is a Muscle. New York: Atlantic Monthly Press, 1995. ",5,"Primary Works"
"172","Booth_1999",1999,"Booth, Stanley. The True Adventures of the Rolling Stones. Chicago: A Cappella Books, 2000. Originally published as Dance with the Devil in 1984. Bowden, Mark. Black Hawk Down: A Story of Modern War. New York: Atlantic Monthly Press, 1999.",3,"Primary Works"
"173","Breslin_1967",1967,"Breslin, Jimmy. The World of Jimmy Breslin. New York: Viking, 1967. ",6,"Primary Works"
"174","Bryan_1976",1976,"Bryan, C. D. B. Friendly Fire. New York: G. P. Putnam’s Sons, 1976. ",6,"Primary Works"
"175","Buford_1992",1992,"Buford, Bill. Among the Thugs. New York: W. W. Norton, 1992. ",8,"Primary Works"
"176","Cahill_1987",1987,"Cahill, Tim. Jaguars Ripped My Flesh: Adventure Is A Risky Business. Toronto: New York, Bantam Books, 1987.",9,"Primary Works"
"177","Breslin_2004",2004,"Breslin, Jimmy. Lost in My Own Backyard: A Walk in Yellowstone National Park. New York: Crown Publishers, 2004.",4,"Primary Works"
"178","Breslin_1989",1989,"Breslin, Jimmy. A Wolverine Is Eating My Leg. New York: Vintage, 1989.",10,"Primary Works"
"179","Capote_1965",1965,"Capote, Truman. In Cold Blood. New York: Random House, 1965.",5,"Primary Works"
"180","Carr_1993",1993,"Carr, Cynthia. On Edge: Performance at the End of the Twentieth Century. Hanover, N.H.: University Press of New England, 1993.",6,"Primary Works"
"181","Conaway_1976",1976,"Conaway, James. The Texans. New York: Alfred A. Knopf, 1976.",6,"Primary Works"
"182","Conaway_1990",1990,"Conaway, James. Napa: The Story of an American Eden. Boston and New York: Houghton Mifflin, 1990.",4,"Primary Works"
"183","Conover_1987",1987,"Conover, Ted. Coyotes: A Journey through the Secret World of America's Illegal Aliens. New York: Vintage Books, 1987.",9,"Primary Works"
"184","Conover_2000",2000,"Conover, Ted. NewJack: Guarding Sing Sing. New York: Random House, 2000. ",5,"Primary Works"
"185","Conover_1984",1984,"Conover, Ted. Rolling Nowhere: Riding the Rails with America’s Hoboes. New York: Viking, 1984.",5,"Primary Works"
"186","Conover_1991",1991,"Conover, Ted. Whiteout: Lost In Aspen. New York: Random House, 1991.",8,"Primary Works"
"187","Cramer_2000",2000,"Cramer, Richard Ben. Joe DiMaggio: The Hero's Life. New York: Simon & Schuster, 2000.",5,"Primary Works"
"188","Dash_1996",1996,"Dash, Leon. Rosa Lee: A Mother and Her Family in Urban America. New York: Basic Books, 1996.",5,"Primary Works"
"189","Davidson_1977",1977,"Davidson, Sara. Loose Change: Three Women of the Sixties. Garden City, N.Y.: Doubleday, 1977.",7,"Primary Works"
"190","Davidson_1980",1980,"Davidson, Sara. Real Property. Garden City, N.Y.: Doubleday & Co., 1980.",10,"Primary Works"
"191","Didion_1987",1987,"Didion, Joan. Miami. New York: Simon and Schuster, 1987.",9,"Primary Works"
"192","Didion_1983",1983,"Didion, Joan. Salvador. New York: Simon and Schuster, 1983.",4,"Primary Works"
"193","Didion_1968",1968,"Didion, Joan. Slouching Towards Bethlehem. New York: Farrar, Straus & Giroux, 1968. ",8,"Primary Works"
"194","Didion_1979",1979,"Didion, Joan. The White Album. New York: Simon and Schuster, 1979.",7,"Primary Works"
"195","Dunne_1974",1974,"Dunne, John Gregory. Vegas: A Memoir of a Dark Season. New York: Random House, 1974.",2,"Primary Works"
"196","Ehrenreich_2001",2001,"Ehrenreich, Barbara. Nickel and Dimed: On (Not) Getting By in America. New York: Henry Holt and Co., 2001.",8,"Primary Works"
"197","Ehrlich_1985",1985,"Ehrlich, Gretel. The Solace of Open Spaces. New York: Viking, 1985.",11,"Primary Works"
"198","Fadiman_1997",1997,"Fadiman, Anne. The Spirit Catches You and You Fall Down: A Hmong Child, Her American Doctors, and the Collision of Two Cultures. New York: Farrar, Straus and Giroux, 1997.",4,"Primary Works"
"199","Finnegan_1988",1988,"Finnegan, William. Dateline Soweto: Travels With Black South African Reporters. New York: HarperCollins, 1988.",8,"Primary Works"
"200","Fitzgerald_1986",1986,"Fitzgerald, Frances. Cities on a Hill: A Journey through Contemporary American Cultures. New York: Simon and Schuster, 1986.",7,"Primary Works"
"201","Frady_1980",1980,"Frady, Marshall. Southerners: A Journalist's Odyssey. New York: New American Library, 1980.",10,"Primary Works"
"202","Franklin_1980",1980,"Franklin, Jon. “Mrs. Kelly’s Monster,” in Writing for Story: Craft Secrets of Dramatic Nonfiction by a Two-Time Pulitzer Prize Winner. New York: Atheneum, 1986; originally published in the Baltimore Evening Sun, 1978. ——. Shocktrauma. New York: St. Martin's Press, 1980.",10,"Primary Works"
"203","Frazer_1989",1989,"Frazer, Ian. Great Plains. New York: Farrar, Straus & Giroux, 1989.",10,"Primary Works"
"204","Frazer_2000",2000,"Frazer, Ian. On the Rez. New York: Farrar, Straus, Giroux, 2000.",5,"Primary Works"
"205","Frey_1994",1994,"Frey, Darcy. The Last Shot: City Streets, Basketball Dreams. Boston: Houghton Mifflin, 1994.",3,"Primary Works"
"206","Goldstein_1989",1989,"Goldstein, Richard. Reporting the Counterculture. Boston: Unwin Hyman, 1989. ",10,"Primary Works"
"207","Gorney_1998",1998,"Gorney, Cynthia. Articles Of Faith: A Frontline History of the Abortion Wars. New York: Simon & Schuster, 1998.",5,"Primary Works"
"208","Gray_1987",1987,"Gray, Francine du Plessix. Adam & Eve and the City: Selected Nonfiction. New York: Simon and Schuster, 1987.",9,"Primary Works"
"209","Greene_1991",1991,"Greene, Melissa Fay. Praying for Sheetrock: A Work of Nonfiction. Reading, Mass.: Addison-Wesley Publishing, 1991.",8,"Primary Works"
"210","Halberstam_1985",1985,"Halberstam, David. The Amateurs. New York: William Morrow and Co., 1985. ",11,"Primary Works"
"211","Halberstam_1981",1981,"Halberstam, David. The Breaks of the Game. New York: Alfred A. Knopf, 1981.",4,"Primary Works"
"212","Halberstam_1965",1965,"Halberstam, David. The Making of a Quagmire. New York: Random House, 1965. ",5,"Primary Works"
"213","Hamburger_1983",1983,"Hamburger, Robert. All the Lonely People: Life in a Single Room Occupancy Hotel. New Haven and New York: Ticknor & Fields, 1983.",4,"Primary Works"
"214","Hamill_1980",1980,"Hamill, Pete. The Invisible City: A New York Sketchbook. Drawings by Susan Stillman. New York: Random House, 1980.",10,"Primary Works"
"215","Harr_1995",1995,"Harr, Jonathan. A Civil Action. New York: Random House, 1995.",5,"Primary Works"
"216","Harr_2005",2005,"Harr, Jonathan. The Lost Painting: The Quest for a Caravaggio Masterpiece. New York: Random House, 2005.",5,"Primary Works"
"217","Harrington_1996",1996,"Harrington, Walt. At the Heart of It: Ordinary People, Extraordinary Lives. Columbia: University of Missouri Press, 1996.",5,"Primary Works"
"218","Harrington_1993",1993,"Harrington, Walt. Crossings: A White Man's Journey into Black America. New York: HarperCollins, 1993.",6,"Primary Works"
"219","Hayes_1986",1986,"Hayes, David. No Easy Answers: The Trial and Conviction of Bruce Curtis. New York: Viking, 1986.",7,"Primary Works"
"220","Hayes_1992",1992,"Hayes, David. Power and Influence: The Globe and Mail and the News Revolution. Toronto: Key Porter Books, 1992.",8,"Primary Works"
"221","Herr_1977",1977,"Herr, Michael. Dispatches. New York: Alfred A. Knopf, 1977. ",7,"Primary Works"
"222","Hoagland_1988",1988,"Hoagland, Edward. The Edward Hoagland Reader. Edited and with an introduction by Geoffrey Wolff. New York: Random House, 1979. Hubbell, Sue. A Book of Bees. New York: Random House, 1988.",8,"Primary Works"
"223","Junger_2006",2006,"Junger, Sebastian. A Death in Belmont. New York: W.W. Norton, 2006. ",2,"Primary Works"
"224","Junger_1997",1997,"Junger, Sebastian. The Perfect Storm: A True Story of Men Against the Sea. W.W. Norton, 1997. ",4,"Primary Works"
"225","Kapu_2001",2001,"Kapu ́sci ́nski, Ryszard. Another Day of Life. New York: Harcourt Brace Jovanovich, 1987; Vintage International Edition, 2001.",8,"Primary Works"
"226","Kapu_2001",2001,"Kapu ́sci ́nski, Ryszard. The Shadow of the Sun. Translated from the Polish by Klara Glowczewska. New York and Toronto: Alfred A. Knopf, 2001.",8,"Primary Works"
"227","Kidder_1989",1989,"Kidder, Tracy. Among Schoolchildren. Boston: Houghton Mifflin, 1989. ",10,"Primary Works"
"228","Kidder_1999",1999,"Kidder, Tracy. Home Town. New York: Random House, 1999.",3,"Primary Works"
"229","Kidder_1985",1985,"Kidder, Tracy. House. Boston: Houghton Mifflin, 1985.",11,"Primary Works"
"230","Kidder_2003",2003,"Kidder, Tracy. Mountains Beyond Mountains. New York: Random House, 2003.",5,"Primary Works"
"231","Kidder_1993",1993,"Kidder, Tracy. Old Friends. Boston: Houghton Mifflin, 1993.",6,"Primary Works"
"232","Kidder_1981",1981,"Kidder, Tracy. The Soul of a New Machine. Boston: Little, Brown and Co., 1981. ",4,"Primary Works"
"233","Klinkenborg_1991",1991,"Klinkenborg, Verlyn. The Last Fine Time. New York: Alfred A. Knopf, 1991. ",8,"Primary Works"
"234","Klinkenborg_1986",1986,"Klinkenborg, Verlyn. Making Hay. New York: Lyons Books,1986.",7,"Primary Works"
"235","Kramer_1988",1988,"Kramer, Jane. Europeans. New York: Farrar, Straus & Giroux, 1988.",8,"Primary Works"
"236","Kramer_1977",1977,"Kramer, Jane. The Last Cowboy. New York: Harper & Row, 1977.",7,"Primary Works"
"237","Kramer_2002",2002,"Kramer, Jane. Lone Patriot: The Short Career of an American Militiaman. New York: Pantheon, 2002.",3,"Primary Works"
"238","Kramer_1980",1980,"Kramer, Jane. Unsettling Europe. New York: Random House, 1980.",10,"Primary Works"
"239","Krakauer_1997",1997,"Krakauer, Jon. Into Thin Air: A Personal Account of the Mt. Everest Disaster. New York: Villard,1997.",4,"Primary Works"
"240","Krakauer_2003",2003,"Krakauer, Jon. Under the Banner of Heaven: A Story of Violent Faith. New York: Doubleday, 2003.",5,"Primary Works"
"241","Kramer_1983",1983,"Kramer, Mark. Invasive Procedures: A Year in the World of Two Surgeons. New York: Harper & Row, 1983.",4,"Primary Works"
"242","Kramer_1980",1980,"Kramer, Mark. Three Farms: Making Milk, Meat and Money from the American Soil. Boston: Little, Brown and Co., 1980.",10,"Primary Works"
"243","Kramer_1996",1996,"Kramer, Mark. Travels with a Hungry Bear: A Journey to the Russian Heartland. Boston and New York: Houghton Mifflin, 1996.",5,"Primary Works"
"244","Langewiesche_2002",2002,"Langewiesche, William. American Ground: Unbuilding the World Trade Center. New York: North Point Press, 2002.",3,"Primary Works"
"245","Lernoux_1982",1982,"Lernoux, Penny. Cry of the People. Garden City, N.Y.: Doubleday, 1982. ",5,"Primary Works"
"246","Levine_1982",1982,"Levine, Richard M. Bad Blood: A Family Murder in Marin County. New York: Random House, 1982.",5,"Primary Works"
"247","Lewis_1989",1989,"Lewis, Michael. Liar's Poker: Rising Through the Wreckage on Wall Street. New York: W. W. Norton & Co., 1989.",10,"Primary Works"
"248","Lewis_1999",1999,"Lewis, Michael. The New New Thing: A Silicon Valley Story. New York: W. W. Norton & Co., 1999.",3,"Primary Works"
"249","Lewis_2003",2003,"Lewis, Michael. Moneyball: The Art of Winning an Unfair Game. New York: W. W. Norton & Co., 2003.",5,"Primary Works"
"250","Lopez_1986",1986,"Lopez, Barry. Arctic Dreams: Imagination and Desire in a Northern Landscape. New York: Charles Scribner's Sons, 1986.",7,"Primary Works"
"251","Lukas_1985",1985,"Lukas, J. Anthony. Common Ground: A Turbulent Decade in the Lives of Three American Families. New York: Alfred A. Knopf, 1985.",11,"Primary Works"
"252","Maclean_1992",1992,"Maclean, Norman. Young Men and Fire. Chicago: University Of Chicago Press, 1992.",8,"Primary Works"
"253","Mahoney_1993",1993,"Mahoney, Rosemary. Whoredom in Kimmage: Irish Women Coming of Age. Boston: Houghton Mifflin,1993.",6,"Primary Works"
"254","Mailer_1968",1968,"Mailer, Norman. The Armies of the Night: History as a Novel; The Novel as History. New York: New American Library, 1968.",8,"Primary Works"
"255","Mailer_1979",1979,"Mailer, Norman. The Executioner's Song. Boston: Little, Brown & Co., 1979.",7,"Primary Works"
"256","Mailer_1976",1976,"Mailer, Norman. Some Honorable Men: Political Conventions 1960-1972. Boston: Little, Brown & Co., 1976. Contains “Superman Comes to the Supermarket.” ",6,"Primary Works"
"257","Marcus_2005",2005,"Marcus, David L. What It Takes to Pull Me Through. Boston and New York: Houghton Mifflin Co., 2005.",5,"Primary Works"
"258","Ma_1986",1986,"Márquez, Gabriel García. The Story of a Shipwrecked Sailor. New York: Alfred A. Knopf, 1986.",7,"Primary Works"
"259","Matthews_2001",2001,"Matthews, Anne. Wild Nights: Nature Returns to the City. New York: North Point Press, 2001.",8,"Primary Works"
"260","Matthiessen_1967",1967,"Matthiessen, Peter. The Snow Leopard. New York: Viking, 1978. McCarthy, Mary. Vietnam. New York: Harcourt, Brace & World, 1967. ",6,"Primary Works"
"261","Matthiessen_1968",1968,"Matthiessen, Peter. Hanoi. London: Weidenfeld and Nicholson, 1968.",8,"Primary Works"
"262","McGinniss_1969",1969,"McGinniss, Joe. The Selling of the President 1968. New York: Trident Press, 1969.",2,"Primary Works"
"263","McKelway_1969",1969,"McKelway, St. Clair. The Big Little Man from Brooklyn. Boston: Houghton Mifflin Co., 1969",2,"Primary Works"
"264","McKelway_1962",1962,"McKelway, St. Clair. The Edinburgh Caper; A One-Man International Plot. New York: Holt, Rinehart and Winston, 1962.",3,"Primary Works"
"265","McPhee_1998",1998,"McPhee, John. Annals of the Former World. New York: Farrar, Straus & Giroux, 1998.",5,"Primary Works"
"266","McPhee_1977",1977,"McPhee, John. Coming Into the Country. New York: Farrar, Straus & Giroux, 1977.",7,"Primary Works"
"267","McPhee_1989",1989,"McPhee, John. The Control of Nature. New York: Farrar, Straus & Giroux, 1989.",10,"Primary Works"
"268","McPhee_1971",1971,"McPhee, John. Encounters with the Archdruid. New York: Farrar, Straus, & Giroux, 1971. ",5,"Primary Works"
"269","McPhee_1976",1976,"McPhee, John. The John McPhee Reader. Edited, with an introduction, by William Howarth. New York: Farrar, Straus, & Giroux, 1976.",6,"Primary Works"
"270","McPhee_1966",1966,"McPhee, John. Oranges. New York: Farrar, Straus & Giroux, 1966.",5,"Primary Works"
"271","McPhee_2006",2006,"McPhee, John. Uncommon Carriers. New York: Farrar, Straus & Giroux, 2006.",2,"Primary Works"
"272","Mitchell_1965",1965,"Mitchell, Joseph. Joe Gould's Secret. New York: Viking, 1965.",5,"Primary Works"
"273","Mitchell_2001",2001,"Mitchell, Joseph. My Ears Are Bent. New York: Sheridan House, 1938; reprinted by Pantheon Books, 2001.",8,"Primary Works"
"274","Mitchell_1992",1992,"Mitchell, Joseph. Up in the Old Hotel. New York: Pantheon Books, 1992.",8,"Primary Works"
"275","Morgan_1979",1979,"Morgan, Dan. Merchants of Grain. New York: Viking, 1979.",7,"Primary Works"
"276","Naipaul_1980",1980,"Naipaul, Shiva. Journey to Nowhere: A New World Tragedy. New York: Simon and Schuster, 1981; first published in Great Britain as Black and White, 1980.",10,"Primary Works"
"277","Naipaul_1989",1989,"Naipaul, V. S. A Turn in the South. New York: Alfred A. Knopf, 1989.",10,"Primary Works"
"278","Olsen_1978",1978,"Olsen, Tillie. Silences. New York: Delta/Seymour Lawrence, 1989. Originally published in 1978.",3,"Primary Works"
"279","Orlean_1998",1998,"Orlean, Susan. The Orchid Thief. New York: Random House, 1998.",5,"Primary Works"
"280","Orlean_2001",2001,"Orlean, Susan. The Bullfighter Checks Her Makeup: My Encounters with Extraordinary People. New York: Random House, 2001.",8,"Primary Works"
"281","Paterniti_2000",2000,"Paterniti, Michael. Driving Mr. Albert: A Trip Across America with Einstein’s Brain. New York: Dial Press, 2000.",5,"Primary Works"
"282","Plimpton_1966",1966,"Plimpton, George. Paper Lion. New York: HarperCollins, 1966.",5,"Primary Works"
"283","Preston_2002",2002,"Preston, Richard. The Demon in the Freezer: A True Story. New York: Random House, 2002.",3,"Primary Works"
"284","Preston_1987",1987,"Preston, Richard. First Light: The Search for the Edge of the Universe. New York: Atlantic Monthly Press, 1987.",9,"Primary Works"
"285","Preston_1994",1994,"Preston, Richard. The Hot Zone. New York: Random House, 1994.",3,"Primary Works"
"286","Quammen_1985",1985,"Quammen, David. Natural Acts: A Sidelong View of Science and Nature. New York: Schocken Books,1985.",11,"Primary Works"
"287","Quammen_1996",1996,"Quammen, David. The Song of the Dodo: Island Biogeography in an Age of Extinctions. New York: Scribner, 1996.",5,"Primary Works"
"288","Raban_1996",1996,"Raban, Jonathan. Bad Land: An American Romance. New York: Pantheon, 1996.",5,"Primary Works"
"289","Raban_1998",1998,"Raban, Jonathan. Old Glory: A Voyage Down the Mississippi. New York: Vintage Reprint edition, 1998.",5,"Primary Works"
"290","Rhodes_1989",1989,"Rhodes, Richard. Farm: A Year in the Life of an American Farmer. New York: Simon and Schuster, 1989.",10,"Primary Works"
"291","Rhodes_1986",1986,"Rhodes, Richard. The Making of the Atomic Bomb. New York: Simon and Schuster, 1986. ",7,"Primary Works"
"292","Sacco_2001",2001,"Sacco, Joe. Palestine. With an introduction by Edward Said. Seattle: Fantagraphics Books, 2001.",8,"Primary Works"
"293","Sager_2007",2007,"Sager, Mike. The Revenge of the Donut Boys: True Stories of Fame, Lust, Survival, and Multiple Personalities. New York: Thunder’s Mouth Press, 2007. ",1,"Primary Works"
"294","Sager_2004",2004,"Sager, Mike. Scary Monsters and Super Freaks: Stories of Sex, Drugs, Rock ’N’ Roll and Murder. New York: Thunder’s Mouth Press, 2004.",4,"Primary Works"
"295","Sheehan_1982",1982,"Sheehan, Susan. Is There No Place on Earth for Me? Boston: Houghton Mifflin, 1982.",5,"Primary Works"
"296","Sheehan_1984",1984,"Sheehan, Susan. Kate Quinton's Days. Boston: Houghton Mifflin, 1984.",5,"Primary Works"
"297","Sheehan_1976",1976,"Sheehan, Susan. A Welfare Mother. New York: New American Library, 1976.",6,"Primary Works"
"298","Sims_1978",1978,"Sims, Patsy. The Klan. Lexington: University Press of Kentucky, reprint 1996; originally published 1978.",3,"Primary Works"
"299","Sims_1988",1988,"Sims, Patsy. Can Somebody Shout Amen!: Inside the Tents and Tabernacles of American Revivalists. Lexington: University Press of Kentucky, reprint 1996; originally published 1988.",8,"Primary Works"
"300","Singer_2005",2005,"Singer, Mark. Character Studies: Encounters with the Curiously Obsessed. Boston and New York: Houghton Mifflin, 2005.",5,"Primary Works"
"301","Singer_1985",1985,"Singer, Mark. Funny Money. New York: Alfred A. Knopf, 1985.",11,"Primary Works"
"302","Singer_1989",1989,"Singer, Mark. Mr. Personality: Profiles and Talk Pieces. New York: Alfred A. Knopf, 1989.",10,"Primary Works"
"303","Snow_1962",1962,"Snow, Edgar. Red China Today. New York: Random House, 1970. Orignally published as The Other Side of the River in 1962.",3,"Primary Works"
"304","Steinbeck_1962",1962,"Steinbeck, John. Travels with Charley; In Search of America. New York: Viking, 1962.",3,"Primary Works"
"305","Talese_1972",1972,"Talese, Gay. Honor Thy Father. New York: Fawcett-World, 1972.",2,"Primary Works"
"306","Talese_1966",1966,"Talese, Gay. The Kingdom and The Power. New York: World Publishing Co., 1966. ",5,"Primary Works"
"307","Talese_1980",1980,"Talese, Gay. Thy Neighbor's Wife. Garden City, N.Y.: Doubleday, 1980.",10,"Primary Works"
"308","Thompson_1971",1971,"Thompson, Hunter. Fear and Loathing in Las Vegas: A Savage Journey to the Heart of the American Dream. New York: Popular Library, 1971.",5,"Primary Works"
"309","Thompson_1979",1979,"Thompson, Hunter. The Great Shark Hunt. New York: Fawcett, 1979.",7,"Primary Works"
"310","Thompson_1967",1967,"Thompson, Hunter. Hell’s Angels. New York: Random House, 1967.",6,"Primary Works"
"311","Tosches_2001",2001,"Tosches, Nick. Where Dead Voices Gather. Boston: Little, Brown and Co., 2001. ",8,"Primary Works"
"312","Trillin_1991",1991,"Trillin, Calvin. American Stories. New York: Ticknor & Fields, 1991.",8,"Primary Works"
"313","Tosches_1984",1984,"Tosches, Nick. Killings. New York: Ticknor & Fields, 1984.",5,"Primary Works"
"314","Tosches_1971",1971,"Tosches, Nick. U.S. Journal. New York: Dutton, 1971.",5,"Primary Works"
"315","Ungar_1995",1995,"Ungar, Sanford J. Fresh Blood: The New American Immigrants. New York: Simon & Schuster, 1995.",5,"Primary Works"
"316","Wambaugh_1973",1973,"Wambaugh, Joseph. The Onion Field. New York: Delacorte Press, 1973.",2,"Primary Works"
"317","Werth_1998",1998,"Werth, Barry. Damages: One Family’s Legal Struggles in the World of Medicine. New York: Simon and Schuster, 1998.",5,"Primary Works"
"318","Weschler_1988",1988,"Weschler, Lawrence. Shapinsky's Karma, Bogg's Bills: And Other True-Life Tales. New York: North Point Press, 1988.",8,"Primary Works"
"319","White_1961",1961,"White, Theodore H. The Making of the President 1960. New York: Atheneum, 1961.",4,"Primary Works"
"320","Whynott_2004",2004,"Whynott, Douglas. A Country Practice: Scenes from the Veterinary Life. New York: North Point Press, 2004.",4,"Primary Works"
"321","Whynott_1995",1995,"Whynott, Douglas. Following the Bloom: Across America with the Migratory Beekeepers. Mechanicsburg, Penn.: Stackpole Books, 1991; Penguin/Tarcher, 2004. ——. Giant Bluefin. New York: Farrar, Straus and Giroux, 1995.",5,"Primary Works"
"322","Whynott_1975",1975,"Whynott, Douglas. A Unit of Water. A Unit of Time: Joel White’s Last Boat. New York: Doubleday, 1999; Washington Square Press, Pocket Books, 2000. Wicker, Tom. A Time to Die. New York: Quadrangle, 1975.",2,"Primary Works"
"323","Wideman_1984",1984,"Wideman, John Edgar. Brothers & Keepers. New York: Holt Rinehart and Winston, 1984.",5,"Primary Works"
"324","Wilkinson_1982",1982,"Wilkinson, Alec. Midnights: A Year with the Wellfleet Police. New York: Random House, 1982.",5,"Primary Works"
"325","Wolfe_1970",1970,"Wolfe, Tom. The Electric Kool-Aid Acid Test. New York: Farrar, Straus & Giroux, 1970.",4,"Primary Works"
"326","Wolfe_2000",2000,"Wolfe, Tom. Hooking Up. New York: Farrar Straus Giroux, 2000.",5,"Primary Works"
"327","Wolfe_1965",1965,"Wolfe, Tom. The Kandy-Kolored Tangerine-Flake Streamline Baby. New York: Farrar, Straus & Giroux, 1965.",5,"Primary Works"
"328","Wolfe_1968",1968,"Wolfe, Tom. The Pump House Gang. New York: Farrar, Straus & Giroux, 1968.",8,"Primary Works"
"329","Wolfe_1970",1970,"Wolfe, Tom. Radical Chic and Mau-Mauing the Flak Catchers. New York: Farrar, Straus & Giroux, 1970.",4,"Primary Works"
"330","Wolfe_1979",1979,"Wolfe, Tom. The Right Stuff. New York: Farrar, Straus & Giroux, 1979.",7,"Primary Works"
"331","Zinsser_1984",1984,"Zinsser, William. Willie and Dwike: An American Profile. New York: Harper & Row, 1984.",5,"Primary Works"
"332","Abrahamson_2008",2008,"Abrahamson, David. “An Inconvenient Legacy: The Jungle and the Immigrant Imperative.” Journalism History 34 (Fall 2008): 163–65.",20,"Critical Works"
"333","Alexander_2009",2009,"Alexander, Robert. “‘My Story Is Always Escaping Into other People’: Subjectivity, Objectivity, and the Double in American Literary Journalism.” Literary Journalism Studies 1, no. 1 (Spring 2009): 57–66.",11,"Critical Works"
"334","Anderson_1987",1987,"Anderson, Chris. Style as Argument: Contemporary American Nonfiction. Carbondale, Ill.: Southern Illinois University Press, 1987.",3,"Critical Works"
"335","Anderson_1989",1989,"Anderson, Chris, ed. Literary Nonfiction: Theory, Criticism, Pedagogy. Carbondale, Ill.: Southern Illinois University Press, 1989.",6,"Critical Works"
"336","Applegate_1996",1996,"Applegate, Edd, ed. Literary Journalism: A Biographical Dictionary of Writers and Editors. Westport, Conn.: Greenwood Press, 1996.",3,"Critical Works"
"337","Asch_1935",1935,"Asch, Nathan. Review. The New Republic 4 Sept. 1935: 108.",3,"Critical Works"
"338","Ashdown_1992",1992,"Ashdown, Paul. “Ernest Hemingway.” A Sourcebook of American Literary Journalism: Representative Writers in an Emerging Genre. Ed. Thomas B. Connery. New York: Greenwood Press, 1992. 187–196.",41,"Critical Works"
"339","Ashdown_1992",1992,"Ashdown, Paul. “James Agee.” A Sourcebook of American Literary Journalism: Representative Writers in an Emerging Genre. Ed. Thomas B. Connery. New York: Greenwood Press, 1992. 197–204.",41,"Critical Works"
"340","Ball_1957",1957,"Ball, John. Introduction. Children of the Levee by Lafcadio Hearn. Ed. O. W. Frost. [Lexington, Ky.:] University of Kentucky Press, 1957. 1–8.",1,"Critical Works"
"341","Banks_1992",1992,"Banks, Anna. “Norman Mailer.” A Sourcebook of American Literary Journalism: Representative Writers in an Emerging Genre. Ed. Thomas B. Connery. New York: Greenwood Press, 1992. 297–306.",41,"Critical Works"
"342","Bass_1992",1992,"Bass, Sharon. “John McPhee.” A Sourcebook of American Literary Journalism: Representative Writers in an Emerging Genre. Ed. Thomas B. Connery. New York: Greenwood Press, 1992. 343–52.",41,"Critical Works"
"343","Bartley_2009",2009,"Bartley, Aryn. “The Citizen-Witness and the Politics of Shame: Walker Evans and James Agee’s Let Us Now Praise Famous Men.” Literary Journalism Studies 1, no. 2 (Fall 2009): 23–41.",11,"Critical Works"
"344","Berger_1975",1975,"Berger, Arthur A. “Am I a Siamese Twin?” Journal of Popular Culture 9, no. 1 (Summer 1975): 162/64-67/69. 20th century; Tom Wolfe, Gay Talese; New Journalism; Magazines, newspapers; Popular culture.",31,"Critical Works"
"345","Berner_1992",1992,"Berner, R. Thomas. “C. D. B. Bryan.” A Sourcebook of American Literary Journalism: Representative Writers in an Emerging Genre. Ed. Thomas B. Connery. New York: Greenwood Press, 1992. 317–22.",41,"Critical Works"
"346","Berner_1999",1999,"Berner, R. Thomas. The Literature of Journalism: Text and Context. State College, Penn.: Strata Publishing, Inc. 1999.",3,"Critical Works"
"347","Berner_1986",1986,"Berner, R. Thomas. Literary Newswriting: The Death of an Oxymoron. Journalism Monographs 99. Columbia, S.C.: Association for Education in Journalism and Mass Communication, Oct. 1986.",4,"Critical Works"
"348","Berner_1982",1982,"Berner, R. Thomas. “Literary Notions and Utilitarian Reality.” Style 16 (Fall 1982): 452–57.",1,"Critical Works"
"349","Berner_1988",1988,"Berner, R. Thomas. Writing Literary Features. Hillsdale, N.J.: Lawrence Erlbaum Associates, 1988.",1,"Critical Works"
"350","Beyer_2007",2007,"Beyer, Charlotte. “‘A Work and a Purpose’: Willa Cather’s Journalism.” The Journalistic Imagination: Literary Journalists from Defoe to Capote and Carter. Ed. Richard Keeble and Sharon Wheeler. London: Routledge, 2007. 74–86.",10,"Critical Works"
"351","Bordelon_1999",1999,"Bordelon, Pamela, ed. Biographical essay. Go Gator and Muddy the Water: Writings by Zora Neale Hurston from the Federal Writers’ Project. New York: W. W. Norton, 1999.",3,"Critical Works"
"352","Boylan_2008",2008,"Boylan, James. “The Long and Short of The Jungle.” Journalism History 34 (Fall 2008): 165–67.",20,"Critical Works"
"353","Boylan_1984",1984,"Boylan, James. “Publicity for the Great Depression: Newspaper Default and Literary Reportage.” Mass Media Between the Wars: Perceptions of Cultural Tension, 1917–1941. Ed. Catherine Covert and John Stevens. Syracuse: Syracuse University Press, 1984. 159–79.",6,"Critical Works"
"354","Boynton_1904",1904,"Boynton, H. W. “The Literary Aspect of Journalism.” Atlantic 93 (1904): 845–51.",3,"Critical Works"
"355","Boynton_2005",2005,"Boynton, Robert S. The New New Journalism. New York: Vintage, 2005.",3,"Critical Works"
"356","Bradley_1992",1992,"Bradley, Patricia. “Richard Harding Davis.” A Sourcebook of American Literary Journalism: Representative Writers in an Emerging Genre. Ed. Thomas B. Connery. New York: Greenwood Press, 1992. 21–52.",41,"Critical Works"
"357","Brady_1975",1975,"Brady, John. “Nude Journalism.” Journal of Popular Culture 9, no. 1 (Summer 1975): 153/55-61/63. 20th century; Hugh Hefner; Magazine journalism; Magazines; Playboy.",31,"Critical Works"
"358","Braman_1992",1992,"Braman, Sandra. “Joan Didion.” A Sourcebook of American Literary Journalism: Representative Writers in an Emerging Genre. Ed. Thomas B. Connery. New York: Greenwood Press, 1992. 353–58.",41,"Critical Works"
"359","Calvi_2010",2010,"Calvi, Pablo. “Latin America’s Own ‘New Journalism.’” Literary Journalism Studies 2, no. 2 (Fall 2010): 63–83.",5,"Critical Works"
"360","Carey_1990",1990,"Carey, John. Introduction. Ed. John Carey. The Faber Book of Reportage. London: Faber and Faber, 1987; rpt. as Eyewitness to History. New York: Avon, 1990. xxix–xxxviii.",5,"Critical Works"
"361","Carrillo_2004",2004,"Carrillo, Maria. “Great Expectations: The Virginian-Pilot’s Commitment to Storytelling.” Points-of-Entry: Cross-Currents in Storytelling 2, no.1 (2004): 11–13.",2,"Critical Works"
"362","Chance_2001",2001,"Chance, Jean, and William McKeen. Introduction. Literary Journalism: A Reader. Ed. Jean Chance and William McKeen. Belmont, Calif.: Wadsworth, 2001. vii–xiv.",3,"Critical Works"
"363","Cheney_2000",2000,"Cheney, Theodore A. Rees. Writing Creative Nonfiction: Fiction Techniques for Crafting Great Nonfiction. Cincinnati: Ten Speed Press, 2000.",5,"Critical Works"
"364","Anon_1901",1901,"Anon., “Chronicle and Comment.” The Bookman 14 (Oct. 1901): 110–11.",1,"Critical Works"
"365","Connery_1992",1992,"Connery, Thomas B. “Discovering a Literary Form.” A Sourcebook of American Literary Journalism: Representative Writers in an Emerging Genre. Ed. Thomas B. Connery. New York: Greenwood Press, 1992. 3–37.",41,"Critical Works"
"366","Connery_2008",2008,"Connery, Thomas B. “Fiction/Nonfiction and Sinclair’s The Jungle: Drinking from the Same Well.” Journalism History 34 (Fall 2008): 167–70.",20,"Critical Works"
"367","Connery_1992",1992,"Connery, Thomas B. “Hutchins Hapgood.” A Sourcebook of American Literary Journalism: Representative Writers in an Emerging Genre. Ed. Thomas B. Connery. New York: Greenwood Press, 1992. 121–29.",41,"Critical Works"
"368","Connery_1992",1992,"Connery, Thomas B. Preface. A Sourcebook of American Literary Journalism: Representative Writers in an Emerging Genre. Ed. Thomas B. Connery. New York: Greenwood Press, 1992. xi–xv.",41,"Critical Works"
"369","Connery_1994",1994,"Connery, Thomas B. “Research Review: Magazines and Literary Journalism, An Embarrassment of Riches.” Electronic Journal of Communication/La Revue Electronique de Communication. 4 (1994): 1–12.",6,"Critical Works"
"370","Connery_2008",2008,"Connery, Thomas B. “A Third Way to Tell the Story: American Literary Journalism at the Turn of the Century.” Literary Journalism in the Twentieth Century. Ed. Norman Sims. Evanston, Ill.: Northwestern University Press, 2008. 3–20.",20,"Critical Works"
"371","Connery_1992",1992,"Connery, Thomas B., ed. A Sourcebook of American Literary Journalism: Representative Writers in an Emerging Genre. New York: Greenwood Press, 1992.",41,"Critical Works"
"372","Conover_2007",2007,"Conover, Ted. Foreward. True Stories: A Century of Literary Journalism by Norman Sims. Evanston, Ill.: Northwestern University Press, 2007. ix–xv.",10,"Critical Works"
"373","Cott_1991",1991,"Cott, Jonathan. Wandering Ghost: The Odyssey of Lafcadio Hearn. New York: Alfred A. Knopf, 1991.",2,"Critical Works"
"374","Coward_1992",1992,"Coward, John M. “Tracy Kidder.” A Sourcebook of American Literary Journalism: Representative Writers in an Emerging Genre. Ed. Thomas B. Connery. New York: Greenwood Press, 1992. 375–86.",41,"Critical Works"
"375","Culbert_1975",1975,"Culbert, David H. “TV/N.J.” Journal of Popular Culture 9, no. 1 (Summer 1975): 168/70-73/75. 20th century; New Journalists; Television.",31,"Critical Works"
"376","Dennis_1975",1975,"Dennis, Everette E. “Journalistic Primitivism.” Journal of Popular Culture 9, no. 1 (Summer 1975): 122/24-34/36. 20th century; Tom Wolfe, Philip Meyer; New Journalism; Magazines, newspapers; Journalistic methods.",31,"Critical Works"
"377","Dow_2009",2009,"Dow, William. Narrating Class in American Fiction. New York: Palgrave Macmillan, 2009.",11,"Critical Works"
"378","Eason_2008",2008,"Eason, David. “The New Journalism and the Image-World.” Literary Journalism in the Twentieth Century. Ed. Norman Sims. Evanston, Ill.: Northwestern University Press, 2008. 206–27.",20,"Critical Works"
"379","Easterbrook_1995",1995,"Easterbrook, Gregg. “Toxic Business.” New York Times Book Review, 10 Sept. 1995: 13.",4,"Critical Works"
"380","English_1975",1975,"English, John W. “What Professionals Say.” Journal of Popular Culture 9, no. 1 (Summer 1975): 232/134-40/42. 20th century; Magazines, books; New Journalists' views on New Journalism.",31,"Critical Works"
"381","Evensen_1992",1992,"Evensen, Bruce J. “Abraham Cahan.” A Sourcebook of American Literary Journalism: Representative Writers in an Emerging Genre. Ed. Thomas B. Connery. New York: Greenwood Press, 1992. 91–100.",41,"Critical Works"
"382","Fishkin_2008",2008,"Fishkin, Shelley Fisher. “The Borderlands of Culture: Writing by W. E. B. Du Bois, James Agee, Tillie Olsen, and Gloria Anzaldua.” Literary Journalism in the Twentieth Century. Ed. Norman Sims. Evanston, Ill.: Northwestern University Press, 2008. 133–82.",20,"Critical Works"
"383","Fishkin_1975",1975,"Fishkin, Shelley Fisher. From Fact to Fiction: Journalism and Imaginative Writing in America. Baltimore: Johns Hopkins University Press, 1985. Fishman, Donald. “Norman Mailer.” Journal of Popular Culture 9, no. 1 (Summer 1975): 174/76-82/84. 20th century; Norman Mailer; New Journalism; Novels, essays.",31,"Critical Works"
"384","Fishwick_1975",1975,"Fishwick, Marshall. “Editorial.” Journal of Popular Culture 9, no. 1 (Summer 1975): 247/149-249/151. 20th century; Magazines, books; Interaction of New Journalism and popular culture.",31,"Critical Works"
"385","Fishwick_1975",1975,"Fishwick, Marshall. “Popular Culture and the New Journalism.” Journal of Popular Culture 9, no. 1 (Summer 1975): 99/1-105/7. 20th century; Tom Wolfe; New Journalism; Books, magazines; Popular culture.",31,"Critical Works"
"386","Flis_2010",2010,"Flis, Leonora. Factual Fictions: Narrative Truth and the Contemporary American Documentary Novel. Newcastle upon Tyne, U.K.: Cambridge Scholars Publishing, 2010.",5,"Critical Works"
"387","Forche_2001",2001,"Forché, Carolyn, and Philip Gerard, eds. Writing Creative Nonfiction: Instruction and Insights from the Teachers of the Associated Writing Programs. Cincinnati: Story Press, 2001.",3,"Critical Works"
"388","Ford_1937",1937,"Ford, Edwin H. “The Art and Craft of the Literary Journalist.” Survey of Journalism. Ed. George Fox Mott. New York: Barnes and Noble, 1937. 294–302.",2,"Critical Works"
"389","Ford_1937",1937,"Ford, Edwin H. A Bibliography of Literary Journalism is America. Minneapolis: Burgess Publishing Co., 1937.",2,"Critical Works"
"390","Forde_2005",2005,"Forde, Kathy Roberts. “How Masson v. New Yorker Has Shaped the Legal Landscape of Narrative Journalism.” Communication Law & Policy 10 (Winter 2005): 101–33.",3,"Critical Works"
"391","Forde_2008",2008,"Forde, Kathy Roberts. Literary Journalism on Trial: Masson v. New Yorker and the First Amendment. Amherst, Mass.: University of Massachusetts Press, 2008.",20,"Critical Works"
"392","Fowler_1992",1992,"Fowler, Giles. “John Steinbeck.” A Sourcebook of American Literary Journalism: Representative Writers in an Emerging Genre. Ed. Thomas B. Connery. New York: Greenwood Press, 1992. 179–85.",41,"Critical Works"
"393","Franke_2004",2004,"Franke, Warren T. “W. T. Stead: The First New Journalist?” Journalism History, 1.2 (1974): 36+. Franklin, Jon. “The Narrative Tool.” American Editor 2 Dec. 1998. Accessed 9 March 2004 < h t t p : / / w w w . a s n e . o r g / k i o s k / e d i t o r / 9 8 . o c t n o v / fr a n k l i n 1 . h t m > .",2,"Critical Works"
"394","Franke_1986",1986,"Franke, Warren T. Writing for Story: Craft Secrets of Dramatic Nonfiction by a Two-Time Pulitzer Prize Winner. New York: Plume, 1986.",4,"Critical Works"
"395","Frus_1994",1994,"Frus, Phyllis. The Politics and Poetics of Journalistic Narrative: The Timely and the Timeless. New York: Cambridge University Press, 1994.",6,"Critical Works"
"396","Frus_1989",1989,"Frus, Phyllis. “Two Tales ‘Intended to Be after the Fact’: ‘Stephen Crane’s Own Story’ and ‘The Open Boat.’” Literary Nonfiction: Theory, Criticism, Pedagogy. Ed. Chris Anderson. Carbondale, Ill.: Southern Illinois University Press, 1989. 125–51.",6,"Critical Works"
"397","Fry_1994",1994,"Fry, Don, and Roy Peter Clark. “Rebirth of the narrative: The Rebirth Of Narrative in America’s Newsrooms.” The Quill May 1994: 27–28.",6,"Critical Works"
"398","Gold_1974",1974,"Gold, Herbert. “On Epidemic First Personism.” The Reporter as Artist: A Look at the New Journalism Controversy. Ed. Ronald Weber. New York: Hastings House, 1974. 283–87.",11,"Critical Works"
"399","Gooch_2009",2009,"Gooch, Cheryl. “The Literary Mind of a Cornfield Journalist: Joel Chandler Harris’s 1904 Negro Question Articles.” Literary Journalism Studies 1, no. 2 (Fall 2009): 79–87.",11,"Critical Works"
"400","Good_1992",1992,"Good, Howard. “Jacob A. Riis.” A Sourcebook of American Literary Journalism: Representative Writers in an Emerging Genre. New York: Greenwood P, 1992. 81–90.",41,"Critical Works"
"401","Green_1975",1975,"Green, James. “Gonzo.” Journal of Popular Culture 9, no. 1 (Summer 1975): 204/106-210/112. 20th century; Hunter Thompson, Tom Wolfe; Magazines; Strengths and weaknesses of gonzo style.",31,"Critical Works"
"402","Guilfoil_1950",1950,"Guilfoil, Kelsey. “John Hersey: Fact and Fiction.” The English Journal 39, no. 7 (Sept. 1950): 355-360.",1,"Critical Works"
"403","Gutkind_1997",1997,"Gutkind, Lee. The Art of Creative Nonfiction: Writing and Selling the Literature of Reality. New York: John Wiley & Sons, 1997.",6,"Critical Works"
"404","Gutkind_2009",2009,"Gutkind, Lee. Keep It Real: Everything You Need to Know About Researching and Writing Creative Nonfiction. New York: W. W. Norton & Co., 2009.",11,"Critical Works"
"405","Hapgood_1905",1905,"Hapgood, Hutchins. “A New Form of Literature.” Bookman 21 (1905): 424–47.",2,"Critical Works"
"406","Hart_1995",1995,"Hart, Jack. “Stories in the News.” Writer’s Digest Sept. 1995: 29–33.",4,"Critical Works"
"407","Hartsock_2008",2008,"Hartsock, John C. Foreword. Literary Journalism in the Twentieth Century. Ed. Norman Sims. Evanston, Ill.: Northwestern University Press, 2008. vii–xii.",20,"Critical Works"
"408","Hartsock_2008",2008,"Hartsock, John C. Foreword. Sonja Merljak Zdovc. Literary Journalism in the United States of America and Slovenia. Lanham, Md.: University Press of America, 2008. vii–viii.",20,"Critical Works"
"409","Hartsock_2000",2000,"Hartsock, John C. A History of American Literary Journalism: The Emergence of a Modern Narrative Form. Amherst, Mass.: University of Masschusetts Press, 2000.",5,"Critical Works"
"410","Hartsock_2007",2007,"Hartsock, John C. “‘It Was a Dark and Stormy Night’: Newspaper Reporters Rediscover the Art of Narrative Literary Journalism and Their Own Epistemological Heritage.” Prose Studies 29.2 (2007): 263–84.",10,"Critical Works"
"411","Hartsock_2008",2008,"Hartsock, John C. “Literary Journalism.” Reading in America Today: The Greenwood Encyclopedia of Contemporary Popular American Literature. Westport, Conn.: Greenwood Press, 2008.",20,"Critical Works"
"412","Hartsock_2011",2011,"Hartsock, John C. “Literary Reportage: The ‘Other’ Literary Journalism.” Genre: Forms of Discourse and Culture, 42 (Spring/Summer 2009): 113–34. Rpt. and rev. in Literary Journalism Across the Globe: Journalistic Traditions and Transnational Influences. Amherst, Mass.: University of Massachusetts Press, 2011.",7,"Critical Works"
"413","Hartsock_2006",2006,"Hartsock, John C. “‘Scribbling the Cat’: In a Dangerous Land of Negotiating Personal and Cultural Revelation.” DoubleTake 1, vol. 2 (2006): 100-04.",3,"Critical Works"
"414","Hartsock_2003",2003,"Hartsock, John C. “Telling News Naturally,” Points of Entry: Cross-Currents in Story Telling 1, no. 1, 2003: 35–41.",1,"Critical Works"
"415","Harvey_1994",1994,"Harvey, Chris. “Tom Wolfe’s Revenge.” American Journalism Review Oct. 1994: 40–45.",6,"Critical Works"
"416","Hawthorne_1906",1906,"Hawthorne, Julian. “Journalism the Destroyer of Literature.” The Critic 48 (1906): 166–71.",4,"Critical Works"
"417","Hellmann_1981",1981,"Hellmann, John. Fables of Fact: The New Journalism as Fables of Fact. Urbana: University of Illinois Press, 1981. Hersey, John. “The Legend on the License.” Yale Review 70: 1–25.",3,"Critical Works"
"418","Hellmann_1949",1949,"Hellmann, John. “The Novel of Contemporary History.” Atlantic Monthly Nov. 1949: 80-84.",1,"Critical Works"
"419","Hettinga_1992",1992,"Hettinga, Donald R. “Ring Lardner.” A Sourcebook of American Literary Journalism: Representative Writers in an Emerging Genre. Ed. Thomas B. Connery. New York: Greenwood Press, 1992. 161–67.",41,"Critical Works"
"420","Heyne_1987",1987,"Heyne, Eric. “Toward a Theory of Literary Nonfiction.” Modern Fiction Studies 23 (1987): 479–90.",3,"Critical Works"
"421","Hollowell_1977",1977,"Hollowell, John. Fact & Fiction: The New Journalism and the Nonfiction Novel. Chapel Hill: University of North Carolina Press, 1977.",3,"Critical Works"
"422","Hough_1975",1975,"Hough, George A. “How New?” Journal of Popular Culture 9 (1975): 114/16–121/23.",31,"Critical Works"
"423","Howarth_2008",2008,"Howarth, William. “The Mother of Literature: Journalism and The Grapes of Wrath.” Literary Journalism in the Twentieth Century. Ed. Norman Sims. Evanston, Ill.: Northwestern University Press, 2008. 53–81.",20,"Critical Works"
"424","Humphrey_1992",1992,"Humphrey, Robert E. “John Reed.” A Sourcebook of American Literary Journalism: Representative Writers in an Emerging Genre. Ed. Thomas B. Connery. New York: Greenwood Press, 1992. 151–60.",41,"Critical Works"
"425","Humphries_2006",2006,"Humphries, David T. Different Dispatches: Journalism in American Modernist Prose. New York: Routledge, 2006.",3,"Critical Works"
"426","Jacobson_1975",1975,"Jacobson, Kent. “The Freaking New Journalism.” Journal of Popular Culture 9, no. 1 (Summer 1975): 183/85-96/98. 20th century; New Journalism; Books, Magazines; Social alienation.",31,"Critical Works"
"427","Johnson_1975",1975,"Johnson, Michael L. “Wherein Lies the Value?” Journal of Popular Culture 9, no. 1 (Summer 1975): 135/37-41/43. 20th century; Tom Wolfe, Norman Mailer, Truman Capote; New Journalism; Magazines, newspapers; Popular culture.",31,"Critical Works"
"428","Jones_1992",1992,"Jones, Dan R. “John McPhee.” A Sourcebook of American Literary Journalism: Representative Writers in an Emerging Genre. Ed. Thomas B. Connery. New York: Greenwood Press, 1992. 343–52.",41,"Critical Works"
"429","Jones_1992",1992,"Jones, Dan R. “John Hersey.” A Sourcebook of American Literary Journalism: Representative Writers in an Emerging Genre. Ed. Thomas B. Connery. New York: Greenwood Press, 1992. 213–22.",41,"Critical Works"
"430","Jensen_1974",1974,"Jensen, Jay. “The New Journalism in Historical Perspective.” Journalism History 1.2 (1974): 37+.",11,"Critical Works"
"431","Johnson_1971",1971,"Johnson, Michael L. The New Journalism: The Underground Press, the Artists of Nonfiction, and Changes in the Established Media. Lawrence, Kans.: University Press of Kansas, 1971.",2,"Critical Works"
"432","Jones_1992",1992,"Jones, Steve. “Jane Kramer.” A Sourcebook of American Literary Journalism: Representative Writers in an Emerging Genre. Ed. Thomas B. Connery. New York: Greenwood Press, 1992. 323–29.",41,"Critical Works"
"433","Kallan_1975",1975,"Kallan, Richard A. “Entrance.” Journal of Popular Culture 9, no. 1 (Summer 1975): 106/8-13/15. 20th century; Tom Wolfe, Gay Talese; New nonfiction; Books, magazines; Popular Culture.",31,"Critical Works"
"434","Kallan_1992",1992,"Kallan, Richard A. “Tom Wolfe.” A Sourcebook of American Literary Journalism: Representative Writers in an Emerging Genre. Ed. Thomas B. Connery. New York: Greenwood Press, 1992. 249–60.",41,"Critical Works"
"435","Kaul_1997",1997,"Kaul, Arthur J., ed. American Literary Journalists, 1945–1995. First Series. Dictonary of Literary Biography. Detroit: Gale Research, 1997. 185.",6,"Critical Works"
"436","Kaul_1992",1992,"Kaul, Arthur J.. “Hunter S. Thompson.” A Sourcebook of American Literary Journalism: Representative Writers in an Emerging Genre. Ed. Thomas B. Connery. New York: Greenwood Press, 1992. 273–79.",41,"Critical Works"
"437","Kazin_1973",1973,"Kazin, Alfred. “The Imagination of Fact.” Bright Book of Life. Boston: Little, Brown, 1973. 209–41.",4,"Critical Works"
"438","Keeble_2007",2007,"Keeble, Richard. Introduction. The Journalistic Imagination: Literary Journalists from Defoe to Capote and Carter. London: Routledge, 2007. 1–14.",10,"Critical Works"
"439","Keeble_2007",2007,"Keeble, Richard, and Sharon Wheeler, eds. The Journalistic Imagination: Literary Journalists from Defoe to Capote and Carter. London: Routledge, 2007.",10,"Critical Works"
"440","Kenner_2008",2008,"Kenner, Hugh. “The Politics of the Plain Style.” Literary Journalism in the Twentieth Century. Ed. Norman Sims. Evanston, Ill.: Northwestern University Press, 2008. 183–90.",20,"Critical Works"
"441","Kerrane_1997",1997,"Kerrane, Kevin. “Making Facts Dance.” The Art of Fact: A Historical Anthology of Literary Journalism. Ed. Kevin Kerrane and Ben Yagoda. New York: Scribner, 1997. 17–20.",6,"Critical Works"
"442","Kirkhorn_1992",1992,"Kirkhorn, Michael J. “Journalism’s Guilty Secret.” Nieman Reports 46, vol. 2 (Summer 1992): 36–41.",41,"Critical Works"
"443","Kramer_1951",1951,"Kramer, Dale. Ross and The New Yorker. New York: Doubleday, 1951.",2,"Critical Works"
"444","Kramer_1995",1995,"Kramer, Mark. “Breakable Rules for Literary Journalists.” Literary Journalism: A New Collection of the Best American Nonfiction. Ed. Norman Sims and Mark Kramer. New York: Ballantine, 1995. 21–34.",4,"Critical Works"
"445","Kramer_2000",2000,"Kramer, Mark. “Narrative Journalism Comes of Age.” Nieman Reports 54.3 (2000): 5–8.",5,"Critical Works"
"446","Kramer_2007",2007,"Kramer, Mark, and Wendy Call. Telling True Stories. New York: Plume, 2007.",10,"Critical Works"
"447","Landa_2010",2010,"Landa, Amy Snow. “How Literary Journalism Can Inform Bioethics.” Literary Journalism Studies 2, no. 2 (Fall 2010): 47– 61.",5,"Critical Works"
"448","Landreth_1975",1975,"Landreth, Elizabeth. “There Shall Be No Night: Las Vegas.” Journal of Popular Culture 9, no. 1 (Summer 1975): 197/99- 203/105. 20th century; New Journalism; Books, magazines; Las Vegas.",31,"Critical Works"
"449","Lee_1900",1900,"Lee, Gerard Stanley. “Journalism as a Basis for Literature.” Atlantic Feb. 1900: 231–37.",2,"Critical Works"
"450","Lehman_2002",2002,"Lehman, Daniel W. John Reed & Writing of Revolution. Columbus: Ohio University Press, 2002.",1,"Critical Works"
"451","Lehman_1997",1997,"Lehman, Daniel W. Matters of Fact: Reading Nonfiction over the Edge. Columbus, Ohio: Ohio State University Press, 1997.",6,"Critical Works"
"452","Lemann_1994",1994,"Lemann, Nicholas. Panel discussion: “America: What’s the Story?: The Uses and Abuses of Narrative in Nonfiction: the World, the Word, and the Future: Sesquicentennial Discussion on the State of the Literary Arts.” New York State Writers Center, Albany, N.Y. 18 Nov. 1994.",6,"Critical Works"
"453","Lemann_2011",2011,"Lemann, Nicholas. “Writing Literary History: The Promised Land, and The Big Test; Interview with Author Nicholas Lemann,” interview by Norman Sims. Literary Journalism Studies 3, no. 1 (Spring 2011): 9–31.",7,"Critical Works"
"454","Lewis_1931",1931,"Lewis, Oscar. Introduction. Frank Norris of “The Wave”: Stories & Sketches from the San Francisco Weekly, 1893 to 1897. San Francisco: Westgate Press, 1931. 1–15.",1,"Critical Works"
"455","Lounsberry_1990",1990,"Lounsberry, Barbara. The Art of Fact: Contemporary Artists of Nonfiction. New York: Greenwood Press, 1990.",5,"Critical Works"
"456","Lule_1992",1992,"Lule, Jack. “Joe Eszterhas.” A Sourcebook of American Literary Journalism: Representative Writers in an Emerging Genre. Ed. Thomas B. Connery. New York: Greenwood Press, 1992. 307–16.",41,"Critical Works"
"457","Lemann_1946",1946,"Lemann, Nicholas. “Hersey’s ‘Hiroshima.’” Politics 3 (Oct. 1946): 308.",2,"Critical Works"
"458","Lemann_1974",1974,"Lemann, Nicholas. “Parajournalism, or Tom Wolfe and His Magic Writing Machine.” The Reporter as Artist: A Look at the New Journalism Controversy. Ed. Ronald Weber. New York: Hastings House, 1974. 223–33.",11,"Critical Works"
"459","Lemann_2011",2011,"Lemann, Nicholas. “Literary Journalism as a Key to Reporting’s Richest Prize.” Literary Journalism Studies 3, no. 1 (Spring 2011): 53-71.",7,"Critical Works"
"460","Lemann_2009",2009,"Lemann, Nicholas. “Richard Critchfield: ‘Genius’ Journalism and the Fallacy of Verification.” Literary Journalism Studies 1, no. 2 (Fall 2009): 9–21.",11,"Critical Works"
"461","Maguire_2010",2010,"Maguire, Roberta. “Riffing on Hemingway and Burke, Responding to Mailer and Wolfe: Albert Murray’s ‘Anti- Journalism.’” Literary Journalism Studies 2, no. 2 (Fall 2010): 9-26.",5,"Critical Works"
"462","Mansell_1990",1990,"Mansell, Darrel. “Unsettling the Colonel’s Hash: ‘Fact’ in Autobiography.” Literary Journalism in the Twentieth Century. Ed. Norman Sims. New York: Oxford University Press, 1990. 261-280.",5,"Critical Works"
"463","Lemann_1996",1996,"Lemann, Nicholas. “Literary Journalism: Newspapers’ Last Best Hope.” Connecticut Review 18, no. 1 (Spring 1996): 59-69.",3,"Critical Works"
"464","Lemann_1992",1992,"Lemann, Nicholas. “Toward a History of Literary Journalism.” Michigan Academician 24 (1992): 359–69.",41,"Critical Works"
"465","Marmarelli_1992",1992,"Marmarelli, Ronald S. “William Hard.” A Sourcebook of American Literary Journalism: Representative Writers in an Emerging Genre. Ed. Thomas B. Connery. New York: Greenwood Press, 1992. 131–42.",41,"Critical Works"
"466","Matalene_1998",1998,"Matalene, Carolyn. Introduction. Telling Stories Taking Risks. Ed. Alice M. Klement and Carolyn B. Matalene. Belmont, Calif.: Wadsworth, 1998. 1–3.",1,"Critical Works"
"467","McCarthy_2008",2008,"McCarthy, Mary. “Artists in Uniform.” Harper’s March 1953. Rpt. in Literary Journalism in the Twentieth Century. Ed. Norman Sims. Evanston, Ill.:Northwestern University Press, 2008. 231–46.",20,"Critical Works"
"468","McCarthy_2008",2008,"McCarthy, Mary. “Settling the Colonel’s Hash.” Harper’s Magazine Feb. 1954. Rpt. in Literary Journalism in the Twentieth Century. Ed. Norman Sims. Evanston, Ill.:Northwestern University Press, 2008. 247–60.",20,"Critical Works"
"469","McKeen_2009",2009,"McKeen, William. Outlaw Journalist: The Life and Times of Hunter S. Thompson. New York: W. W. Norton & Company, 2009.",11,"Critical Works"
"470","Mills_1974",1974,"Mills, Nicolaus. Introduction. The New Journalism: A Historical Anthology. New York: McGraw-Hill, 1974. xi–xx.",11,"Critical Works"
"471","Nelson_1992",1992,"Nelson, Jack A. “Mark Twain.” A Sourcebook of American Literary Journalism: Representative Writers in an Emerging Genre. Ed. Thomas B. Connery. New York: Greenwood Press, 1992. 39–42.",41,"Critical Works"
"472","Nocera_1981",1981,"Nocera, Joseph. “How Hunter Thompson Killed New Journalism.” Washington Monthly, April 1981, 44-50. 20th century; Hunter Thompson; Gonzo journalism, New Journalism; Books, magazines..",3,"Critical Works"
"473","Norman_2009",2009,"Norman, Michael. “Writing Narrative Portraiture.” Literary Journalism Studies 1, no. 1 (Spring 2009): 50–56.",11,"Critical Works"
"474","North_1935",1935,"North, Joseph. “Reportage.” American Writer’s Congress. Ed. Henry Hart. New York: International, 1935. 120–23.",3,"Critical Works"
"475","Moss_1992",1992,"Moss, Marilyn Ann. “Theodore Dreiser.” A Sourcebook of American Literary Journalism: Representative Writers in an Emerging Genre. Ed. Thomas B. Connery. New York: Greenwood Press, 1992. 143–50.",41,"Critical Works"
"476","Nuttall_2007",2007,"Nuttall, Nick. “Cold-Blooded Journalism: Truman Capote and the Non-fiction Novel.” The Journalistic Imagination: Literary Journalists from Defoe to Capote and Carter. Ed. Richard Keeble and Sharon Wheeler. London: Routledge, 2007. 130– 44.",10,"Critical Works"
"477","O_1970",1970,"O’Connor, William Van, and Frederick J. Hoffman. Preface. American Non-Fiction: 1900–1950. 1952. Westport, Conn.: Greenwood Press, 1970. v–vii.",2,"Critical Works"
"478","Ohmann_1980",1980,"Ohmann, Richard. “Politics and Genre in Nonfiction Prose.” New Literary History 11, no. 2 (1980): 237–44.",4,"Critical Works"
"479","Palmer_2010",2010,"Palmer, Ruth. “The Hoax, Uncanny Identity, and Literary Journalism.” Literary Journalism Studies 2, no. 1 (Spring 2010): 85–105.",5,"Critical Works"
"480","Parisi_1992",1992,"Parisi, Peter. “Lincoln Steffens.” A Sourcebook of American Literary Journalism: Representative Writers in an Emerging Genre. Ed. Thomas B. Connery. New York: Greenwood Press, 1992. 101–10.",41,"Critical Works"
"481","Paterson_1992",1992,"Paterson, Judith. “Literary Journalism’s Twelve Best.” Washington Journalism Review Oct. 1992: 61.",41,"Critical Works"
"482","Pauly_1992",1992,"Pauly, John J. “Damon Runyon.” A Sourcebook of American Literary Journalism: Representative Writers in an Emerging Genre. Ed. Thomas B. Connery. New York: Greenwood Press, 1992. 169–78.",41,"Critical Works"
"483","Pauly_1992",1992,"Pauly, John J. “George Ade.” A Sourcebook of American Literary Journalism: Representative Writers in an Emerging Genre. Ed. Thomas B. Connery. New York: Greenwood Press, 1992. 111–20.",41,"Critical Works"
"484","Peck_1985",1985,"Peck, David. “Joseph North and the Proletarian Reportage of the 1930s.” Zeitschrift furAnglistik und Amerikanistick 33, no. 3 (1985): 210–20.",3,"Critical Works"
"485","Peeler_1984",1984,"Peeler, David P. “Unlonesome Highways: The Quest for Fact and Fellowship in Depression America.” Journal of American Studies 18, no. 2 (1984): 186–206.",6,"Critical Works"
"486","Pizer_1974",1974,"Pizer, Donald. “Documentary Narrative as Art: William Manchester and Truman Capote.” The Reporter as Artist: A Look at the New Journalism Controversy. Ed. Ronald Weber. New York: Hastings House, 1974. 207–19.",11,"Critical Works"
"487","Podhoretz_1958",1958,"Podhoretz, Norman. “The Article as Art.” Harper’s July 1958: 74–79.",1,"Critical Works"
"488","Anon_1906",1906,"Anon., “The Point of View: The Newspaper and Fiction.” Scribner’s Magazine 40 (1906): 122–24.",4,"Critical Works"
"489","Polsgrove_1992",1992,"Polsgrove, Carol. “Gay Talese.” A Sourcebook of American Literary Journalism: Representative Writers in an Emerging Genre. Ed. Thomas B. Connery. New York: Greenwood Press, 1992. 261–71.",41,"Critical Works"
"490","Powers_1975",1975,"Powers, Thomas. “Cry Wolfe.” Commonweal 102 (1975): 497–99.",31,"Critical Works"
"491","Quinn_2011",2011,"Quinn, Katrina J. “Exploring an Early Version of Literary Journalism: Nineteenth-century Epistolary Journalism,” Literary Journalism Studies 3, no. 1 (Spring 2011): 33–51.",7,"Critical Works"
"492","Ringnalda_1992",1992,"Ringnalda, Donald. “Michael Herr.” A Sourcebook of American Literary Journalism: Representative Writers in an Emerging Genre. Ed. Thomas B. Connery. New York: Greenwood Press, 1992. 281–95.",41,"Critical Works"
"493","Rischin_1985",1985,"Rischin, Moses. Introduction. Grandma Never Lived in America: The New Journalism of Abraham Cahan. Ed. Moses Rischin. Bloomington: Indiana University Press, 1985. xviii–xliv.",3,"Critical Works"
"494","Roberts_1992",1992,"Roberts, Arthur. “Lillian Ross.” A Sourcebook of American Literary Journalism: Representative Writers in an Emerging Genre. Ed. Thomas B. Connery. New York: Greenwood Press, 1992. 231–37.",41,"Critical Works"
"495","Roberts_1992",1992,"Roberts, Nancy. “Dorothy Day.” A Sourcebook of American Literary Journalism: Representative Writers in an Emerging Genre. Ed. Thomas B. Connery. New York: Greenwood Press, 1992. 179–85.",41,"Critical Works"
"496","Robertson_1992",1992,"Robertson, Michael. “Stephen Crane.” A Sourcebook of American Literary Journalism: Representative Writers in an Emerging Genre. Ed. Thomas B. Connery. New York: Greenwood Press, 1992. 69–79.",41,"Critical Works"
"497","Robertson_1997",1997,"Robertson, Michael. Stephen Crane, Journalism, and the Making of Modern American Literature. New York: Columbia University Press, 1997. ",6,"Critical Works"
"498","Roggenkamp_2005",2005,"Roggenkamp, Karen. Narrating the News: New Journalism and Literary Genre in Late Nineteenth-Century American Newspapers and Fiction. Kent, Ohio: Kent State University Press, 2005.",3,"Critical Works"
"499","Readership_2007",2007,"Readership Institute. Impact Study. Media Management Center. Evanston, Ill.: Northwestern University, 2000. 15 April 2007 http://www.readership.org/resources/impact_study.htm",10,"Critical Works"
"500","Reportage_1935",1935,"Reportage preface. Proletarian Literature in the United States: An Anthology. Ed. Granville Hicks, et al. New York: International Publishers, 1935. 211–12.",3,"Critical Works"
"501","Reynolds_2009",2009,"Reynolds, Bill “Recovering the Peculiar Life and Times of Tom Hedley andCanadian New Journalism.” Literary Journalism Studies 1, no. 1 (Spring 2009): 79–104.",11,"Critical Works"
"502","Roiland_2009",2009,"Roiland, Joshua. “Getting Away from It All: The Literary Journalism of David Foster Wallace and Nietzsche’s Concept of Oblivion.” Literary Journalism Studies 1, no. 2 (Fall 2009): 89–105.",11,"Critical Works"
"503","Russell_2000",2000,"Russell, John. Reciprocities in the Nonfiction Novel. Athens, Ga.: University of Georgia Press, 2000.",5,"Critical Works"
"504","Ryan_1994",1994,"Ryan, Maureen. “Green Visors and Ivory Towers: Jean Stafford and the New Journalism.” The Kenyon Review 16, no. 4(1994): 102–19.",6,"Critical Works"
"505","Rygiel_1989",1989,"Rygiel, Dennis. “Style in Twentieth-Century Literary Nonfiction in English: An Annotated Bibliography of Criticism, 1980–1988.” Style 23 (1989): 566–617.",6,"Critical Works"
"506","Rygiel_1989",1989,"Rygiel, Dennis. “Stylistics and the Study of Twentieth-Century Literary Nonfiction.” Literary Nonfiction: Theory, Criticism, Pedagogy. Ed. Chris Anderson. Carbondale, Ill.: Southern Illinois University Press, 1989. 3–28.",6,"Critical Works"
"507","Sauerberg_1991",1991,"Sauerberg, Lars Ole. Fact into Fiction: Documentary Realism in the Contemporary Novel. New York: St. Martin’s Press, 1991.",2,"Critical Works"
"508","Schmuhl_1992",1992,"Schmuhl, Robert. “Richard Ben Cramer.” A Sourcebook of American Literary Journalism: Representative Writers in an Emerging Genre. Ed. Thomas B. Connery. New York: Greenwood Press, 1992. 331–42.",41,"Critical Works"
"509","Schultz_1999",1999,"Schultz, William Todd. “Off-stage Voices in James Agee’s Let Us Now Praise Famous Men: Reportage as Covert Autobiography.” American Imago 56, no. 1 (Spring 1999): 75–104.",3,"Critical Works"
"510","Segel_1992",1992,"Segel, Harold B. Egon Erwin Kisch: The Raging Reporter. West Lafayette, Ind.: Purdue University Press, 1992.",41,"Critical Works"
"511","Sims_1995",1995,"Sims, Norman. “The Art of Literary Journalism.” Literary Journalism: A New Collection of the Best American Nonfiction. Ed. Norman Sims and Mark Kramer. New York: Ballantine, 1995. 3–19.",4,"Critical Works"
"512","Sims_2008",2008,"Sims, Norman. “Joseph Mitchell and the New Yorker Nonfiction Writers.” Ed. Norman Sims. Literary Journalism in the Twentieth Century. Evanston, Ill.: Northwestern University Press, 2008. 82–109.",20,"Critical Works"
"513","Sims_1984",1984,"Sims, Norman. “The Literary Journalists.” The Literary Journalists. Ed. Norman Sims. New York: Ballantine, 1984. 3–25.",6,"Critical Works"
"514","Sims_2009",2009,"Sims, Norman. “The Problem and the Promise of Literary Journalism Studies.” Literary Journalism Studies 1, no. 1 (Spring 2009): 7–16.",11,"Critical Works"
"515","Sims_2007",2007,"Sims, Norman. True Stories: A Century of Literary Journalism. Evanston, Ill.: Northwestern University Press, 2007.",10,"Critical Works"
"516","Sims_1990",1990,"Sims, Norman, ed. Literary Journalism in the Twentieth Century. Ed. Norman Sims. Evanston, Ill.: Northwestern University Press, 2008. Reprint of 1990 Oxford University Press edition.",5,"Critical Works"
"517","Schuster_1989",1989,"Schuster, Charles I. “The Nonfictional Prose of Richard Selzer: an Aesthetic Analysis.” Literary Nonfiction: Theory, Criticism, Pedagogy. Ed. Chris Anderson. Carbondale, Ill.: Southern Illinois University Press, 1989. 3–28.",6,"Critical Works"
"518","Smith_2008",2008,"Smith, Kathy. “John McPhee Balances the Act.” Literary Journalism in the Twentieth Century. Ed. Norman Sims. Evanston, Ill.: Norman Sims. Evanston, Ill.:Northwestern University Press, 2008. 206–27.",20,"Critical Works"
"519","Solotaroff_1974",1974,"Solotaroff, Theodore. “Introduction to Writers and Issues.” The Reporter as Artist: A Look at the New Journalism Controversy. Ed. Ronald Weber. New York: Hastings House, 1974. 161–66.",11,"Critical Works"
"520","Sommer_1975",1975,"Sommer, Robert. “New Journalism & New Sociology Compared.” Journal of Popular Culture 9, no. 1 (Summer 1975): 241/143-46/48. 20th century; Tom Wolfe, Erving Goffman; New Journalism; Magazines, books.",31,"Critical Works"
"521","Steiner_1992",1992,"Steiner, Linda. “Joe McGinniss.” A Sourcebook of American Literary Journalism: Representative Writers in an Emerging Genre. Ed. Thomas B. Connery. New York: Greenwood Press, 1992. 367–74.",41,"Critical Works"
"522","Sternbergh_2011",2011,"Sternbergh, Adam. “How James Salter Wrote an Eleven-Page Biography of A.J. Liebling.” In The 6th Floor (blog). New York Times, April 21, 2011. http://6thfloor.blogs.nytimes.com/2011/04/21/how-james-salter-wrote-an-eleven- page-biography-of-a-j-liebling/?ref=thenewyorker. 20th century; James Salter; Sketch; Book; A.J. Liebling.",7,"Critical Works"
"523","Stott_1973",1973,"Stott, William. Documentary Expression and Thirties America. New York: Oxford University Press, 1973.",4,"Critical Works"
"524","Talese_1996",1996,"Talese, Gay. ”Origins of a Nonfiction Writer.” Writing Creative Nonfiction: The Literature of Reality. Ed. Gay Talese and Barbara Lounsberry. New York: HarperCollins), 1996. 1–25.",3,"Critical Works"
"525","Anon_2000",2000,"Anon., “Talking about Narrative Journalism.” Nieman Reports Fall 2000: 20–22.",5,"Critical Works"
"526","Thompson_2011",2011,"Thompson, Matthew. “Outrider: William T. Vollmann, Tony Tanner, and the Private Extremes of an Anti-Journalism,” Literary Journalism Studies 3, no. 1 (Spring 2011): 73–95.",7,"Critical Works"
"527","Troyer_1946",1946,"Troyer, Howard William. Ned Ward of Grubstreet: A Study of Sub-Literary London in the Eighteenth Century. Cambridge: Harvard University Press, 1946.",2,"Critical Works"
"528","Van_1975",1975,"Van Dellen, Robert J. “We've Been Had by the New Journalism: A Put Down.” Journal of Popular Culture 9, no. 1 (Summer 1975): 219/121-31/33. 20th century; New Journalists; Magazines, books; Dishonesty of New Journalism.",31,"Critical Works"
"529","Wakefield_1974",1974,"Wakefield, Dan. “The Personal Voice and the Impersonal Eye.” The Reporter as Artist: A Look at the New Journalism Controversy. Ed. Ronald Weber. New York: Hastings House, 1974. 39–48.",11,"Critical Works"
"530","Warner_1906",1906,"Warner, Langdon. “The Editor’s Clearing-House: Need Journalism Destroy Literature?” The Critic 48 (1906): 469–70.",4,"Critical Works"
"531","Webb_1974",1974,"Webb, Joseph. “Historical Perspective on the New Journalism.” Journalism History, 1.2 (1974): 38+.",11,"Critical Works"
"532","Weber_2008",2008,"Weber, Ronald. “Hemingway’s Permanent Records.” Literary Journalism in the Twentieth Century. Ed. Norman Sims. Evanston, Ill.: Northwestern University Press, 2008. 21–52.",20,"Critical Works"
"533","Weber_1980",1980,"Weber, Ronald. The Literature of Fact: Literary Nonfiction in American Writing. Athens, Ohio: Ohio University Press, 1980.",4,"Critical Works"
"534","Weber_1974",1974,"Weber, Ronald. “Some Sort of Artistic Excitement.” The Reporter as Artist: A Look at the New Journalism Controversy. New York: Hastings House, 1974. 13–23.",11,"Critical Works"
"535","Weber_1975",1975,"Weber, Ronald. “Moon Talk.” Journal of Popular Culture 9, no. 1 (Summer 1975): 142/44-52/54. 20th century; Tom Wolfe, Norman Mailer, Philip Roth, John Updike; New Journalism; Books; Space exploration.",31,"Critical Works"
"536","Weber_1974",1974,"Weber, Ronald, ed. The Reporter as Artist: A Look at the New Journalism Controversy. New York: Hastings House, 1974.",11,"Critical Works"
"537","Weingarten_2006",2006,"Weingarten, Marc. The Gang That Wouldn’t Write Straight: Wolfe, Thompson, Didion, and the New Journalism Revolution. New York: Crown Publishers, 2006.",3,"Critical Works"
"538","Weirather_1975",1975,"Weirather, Larry. “Tom Wolfe's Snake River Canyon Jump.” Journal of Popular Culture 9, no. 1 (Summer 1975): 211/113- 18/20. 20th century; Tom Wolfe; Magazines, books; Popular reception of New Journalism.",31,"Critical Works"
"539","Whitby_1992",1992,"Whitby, Gary L. A Sourcebook of American Literary Journalism: Representative Writers in an Emerging Genre. Ed. Thomas B. Connery. New York: Greenwood Press, 1992. 239–48.",41,"Critical Works"
"540","Whitt_2008",2008,"Whitt, Jan. ”From The Jungle to Food Lion: The History Lessons of Investigative Journalism.” Journalism History 34 (Fall 2008):170–73.",20,"Critical Works"
"541","Whitt_2008",2008,"Whitt, Jan. Settling the Borderland: Other Voices in Literary Journalism. Lanham, Md.: University Press of America, 2008.",20,"Critical Works"
"542","Wilson_2007",2007,"Wilson, Deborah. “An Unscathed Tourist of Wars: The Journalism of Martha Gellhorn.” The Journalistic Imagination: Literary Journalists from Defoe to Capote and Carter. Ed. Richard Keeble and Sharon Wheeler. London: Routledge, 2007. 116–29.",10,"Critical Works"
"543","Winterowd_1973",1973,"Winterowd, W. Ross. The Rhetoric of the “Other” Literature. Carbondale, Ill.: Southern Illinois University Press, 1990. Wolfe, Tom. “The New Journalism.” The New Journalism: With an Anthology. Ed. Tom Wolfe and E. W. Johnson. New York: Harper, 1973. 3–64.",4,"Critical Works"
"544","Yagoda_2001",2001,"Yagoda, Ben. About Town: The New Yorker and the World It Made. New York: Da Capo Press, 2001.",3,"Critical Works"
"545","Yagoda_1997",1997,"Yagoda, Ben. Preface. The Art of Fact: A Historical Anthology of Literary Journalism. Ed. Kevin Kerrane and Ben Yagoda. New York: Scribner, 1997. 13–16.",6,"Critical Works"
"546","Zavarzadeh_1976",1976,"Zavarzadeh, Mas’ud. The Mythopoeic Reality: The Postwar American Nonfiction Novel. Urbana: University of Illinois Press, 1976.",2,"Critical Works"
"547","Zdovc_2008",2008,"Zdovc, Sonja Merljak. Literary Journalism in the United States of America and Slovenia. Lanham, Md.: University Press of America, 2008.",20,"Critical Works"
"548","Anon_1893",1893,"Anon., “Borderland of Literature,” in Spectator 71:513 (Oct. 14, 1893).",1,"Critical Works"
"549","Anon_1907",1907,"Anon., “Confessions of a Literary Journalist,” in Bookman 26:370-76 (Dec. 1907).",1,"Critical Works"
"550","Anon_1902",1902,"Anon., “Plea for Literary Journalism,” in Harper’s Weekly, 46:1558 (Oct. 25, 1902).",1,"Critical Works"
"551","Anon_1906",1906,"Anon., “The Point of View: The Newspaper and Fiction,” in Scribner’s Magazine 40:122-24 (July 1906).",4,"Critical Works"
"552","Benson_1984",1984,"Benson, Jackson J. The True Adventures of John Steinbeck, Writer. New York: The Viking Press, 1984.",6,"Critical Works"
"553","Boylan_1984",1984,"Boylan, James. “Publicity for the Great Depression; Newspaper Default and Literary Reportage,” in Mass Media Between the Wars; Perceptions of Cultural Tension, 1918–1941. Edited by Catherine Covert and John Stevens. Syracuse, N.Y.: Syracuse University Press, 1984.",6,"Critical Works"
"554","Boynton_1904",1904,"Boynton, H. W. Journalism and Literature and Other Essays. Boston and New York: Houghton Mifflin & Co., 1904.",3,"Critical Works"
"555","Boynton_1904",1904,"Boynton, H. W. “The Literary Aspect of Journalism,” in Atlantic Monthly 93:845-51 (June 1904).",3,"Critical Works"
"556","Bruccoli_1970",1970,"Bruccoli, Matthew, editor. Ernest Hemingway, Cub Reporter; Kansas City Star Stories. Pittsburgh: University of Pittsburgh Press, 1970.",2,"Critical Works"
"557","Chametzky_1977",1977,"Chametzky, Jules. From the Ghetto; The Fiction of Abraham Cahan. Amherst: University of Massachusetts Press, 1977.",3,"Critical Works"
"558","Coles_1983",1983,"Coles, Robert. “James Agee’s Search,” in Raritan (Summer 1983), p. 74- 100.",2,"Critical Works"
"559","Connery_1986",1986,"Connery, Thomas. “Hutchins Hapgood and the Search for a ‘New Form of Literature,’” in Journalism History 13 (1): 2-9 (Spring 1986)",4,"Critical Works"
"560","DeMott_1989",1989,"DeMott, Robert, editor. Working Days: The Journals of the Grapes of Wrath. New York: The Viking Press, 1989.",6,"Critical Works"
"561","Eastman_1916",1916,"Eastman, Max. Journalism Versus Art. New York: Alfred A. Knopf, 1916.",1,"Critical Works"
"562","Fenton_1954",1954,"Fenton, Charles A. The Apprenticeship of Ernest Hemingway; The Early Years. New York: New American Library, 1961. Originally published 1954.",1,"Critical Works"
"563","Gingrich_1971",1971,"Gingrich, Arnold. Nothing But People; The Early Days at Esquire: A Personal History 1928–1958. New York: Crown Publishers, 1971.",2,"Critical Works"
"564","Hapgood_1905",1905,"Hapgood, Hutchins. “A New Form of Literature,” in Bookman 21:424-27 (1905).",2,"Critical Works"
"565","Hovey_1975",1975,"Hovey, Tamara. John Reed: Witness to Revolution. Los Angeles: George Sand Books, 1975.",31,"Critical Works"
"566","Hughes_1940",1940,"Hughes, Helen M. News and the Human Interest Story. Chicago: University of Chicago Press, 1940.",1,"Critical Works"
"567","Kaplan_1974",1974,"Kaplan, Justin. Lincoln Steffens, A Biography. New York: Simon and Schuster, 1974.",11,"Critical Works"
"568","Kramer_1951",1951,"Kramer, Dale. Ross and The New Yorker. Garden City, N.Y.: Doubleday & Co., 1951.",2,"Critical Works"
"569","Kramer_1975",1975,"Kramer, Victoria A. James Agee. Boston: G. K. Hall, 1975.",31,"Critical Works"
"570","Lee_1900",1900,"Lee, Gerald Stanley. “Journalism as a Basis for Literature,” in Atlantic Monthly 85: 231-37 (Feb. 1900)",2,"Critical Works"
"571","Lingeman_1986",1986,"Lingeman, Richard. Theodore Dreiser: At the Gates of the City, 1871–1907. New York: G. P. Putnam’s Sons, 1986. ",4,"Critical Works"
"572","Martin_1984",1984,"Martin, Edward A. H. L. Mencken and the Debunkers. Athens: University of Georgia Press, 1984.",6,"Critical Works"
"573","Moreau_1977",1977,"Moreau, Genevieve. The Restless Journey of James Agee. New York: Morrow, 1977.",3,"Critical Works"
"574","Muggli_1987",1987,"Muggli, Mark Z. “The Poetics of Joan Didion’s Journalism,” in American Literature 59:402-21 (Oct. 1987).",3,"Critical Works"
"575","Orhn_1980",1980,"Orhn, Karin. Dorothea Lange and the Documentary Tradition. Baton Rouge: Louisiana State University Press, 1980.",4,"Critical Works"
"576","Preston_1983",1983,"Preston, Richard McCann. The Fabric of Fact: The Beginnings of American Literary Journalism. Princeton University Ph.D. dissertation, 1983.",2,"Critical Works"
"577","Ramperad_1976",1976,"Ramperad, Arnold. The Art and Imagination of W. E. B. Du Bois. Cambridge: Harvard university Press, 1976.",2,"Critical Works"
"578","Rischin_1985",1985,"Rischin, Moses, editor. Grandma Never Lived in America; The New Journalism of Abraham Cahan. Bloomington: Indiana University Press, 1985.",3,"Critical Works"
"579","Sokolov_1980",1980,"Sokolov, Raymond, Wayward Reporter; The Life of A. J. Liebling. New York: Harper & Row, 1980.",4,"Critical Works"
"580","Steinbeck_1975",1975,"Steinbeck, Elaine, and Robert Wallsten, editors. Steinbeck: A Life in Letters. New York: The Viking Press, 1975.",31,"Critical Works"
"581","Stephens_1968",1968,"Stephens, Robert O. Hemingway’s Nonfiction; The Public Voice. Chapel Hill: University of North Carolina Press, 1968.",1,"Critical Works"
"582","Weber_1990",1990,"Weber, Ronald. Hemingway’s Art of Nonfiction. New York: St. Martin’s, 1990; London: Macmillan, 1990.",5,"Critical Works"
"583","Wolfe_1973",1973,"Wolfe, Tom. The New Journalism. With an anthology edited by Tom Wolfe and E. W. Johnson. New York: Harper & Row, 1973.",4,"Critical Works"
"584","Ziff_1966",1966,"Ziff, Larzer. The American 1890s: Life and Times of a Lost Generation. New York: The Viking Press, 1966.",1,"Critical Works"
"585","Culbert_1975",1975,"Culbert, David H. “Tv/N.J.” Journal of Popular Culture 9, no. 1 (Summer 1975): 168/70-73/75. 20th century; New Journalists; Television.",31,"Critical Works"
"586","English_1975",1975,"English, John W. “What Professionals Say.” Journal of Popular Culture 9, no. 1 (Summer 1975): 232/134-40/42. 20th century; Magazines, books; New Jour- nalists’ views on New Journalism.",31,"Critical Works"
"587","Fishman_1975",1975,"Fishman, Donald. “Norman Mailer.” Journal of Popular Culture 9, no. 1 (Sum- mer 1975): 174/76-82/84. 20th century; Norman Mailer; New Journalism; Novels, essays.",31,"Critical Works"
"588","Fishwick_1975",1975,"Fishwick, Marshall. “Editorial.” Journal of Popular Culture 9, no. 1 (Summer 1975): 247/149-249/151. 20th century; Magazines, books; Interaction of New Jour- nalism and popular culture.",31,"Critical Works"
"589","Green_1975",1975,"Green, James. “Gonzo.” Journal of Popular Culture 9, no. 1 (Summer 1975): 204/106-210/112. 20th century; Hunter  ompson, Tom Wolfe; Magazines; Strengths and weaknesses of gonzo style.",31,"Critical Works"
"590","Jacobson_1975",1975,"Jacobson, Kent. “ e Freaking New Journalism.” Journal of Popular Culture 9, no. 1 (Summer 1975): 183/85-96/98. 20th century; New Journalism; Books, magazines; Social alienation.",31,"Critical Works"
"591","Landreth_1975",1975,"Landreth, Elizabeth. “There Shall Be No Night: Las Vegas.” Journal of Popular Cul- ture 9, no. 1 (Summer 1975): 197/99-203/105. 20th century; New Journal- ism; Books, magazines; Las Vegas.",31,"Critical Works"
"592","Nocera_1981",1981,"Nocera, Joseph. “How Hunter  ompson Killed New Journalism.” Washington Monthly, April 1981, 44-50. 20th century; Hunter  ompson; Gonzo jour- nalism, New Journalism; Books, magazines.",3,"Critical Works"
"593","Sternbergh_2011",2011,"Sternbergh, Adam. “How James Salter Wrote an Eleven-Page Biography of A. J. Liebling.” In  e 6th Floor (blog). New York Times, 21 April 2011. http://6thfloor.blogs.nytimes.com/2011/04/21/how-james-salter-wrote-an- eleven-page-biography-of-a-j-liebling/?ref=thenewyorker. 20th century; James Salter; Sketches; books; A. J. Liebling.",7,"Critical Works"
"594","Van_1975",1975,"Van Dellen, Robert J. “We’ve Been Had by the New Journalism: A Put Down.” Journal of Popular Culture 9, no. 1 (Summer 1975): 219/121-31/33. 20th century; New Journalists; Magazines, books; Dishonesty of New Journalism.",31,"Critical Works"
"595","Weirather_1975",1975,"Weirather, Larry. “Tom Wolfe’s Snake River Canyon Jump.” Journal of Popular Culture 9, no. 1 (Summer 1975): 211/113-18/20. 20th century; Tom Wolfe; Magazines, books; Popular reception of New Journalism.",31,"Critical Works"
