"",".","id","year","author"
"1","Abrahamson, David. “An Inconvenient Legacy: The Jungle and the Immigrant Imperative.” Journalism History 34 (Fall 2008): 163–65.","Abrahamson_2008",2008,"Abrahamson"
"2","Alexander, Robert. “‘My Story Is Always Escaping Into other People’: Subjectivity, Objectivity, and the Double in American Literary Journalism.” Literary Journalism Studies 1, no. 1 (Spring 2009): 57–66.","Alexander_2009",2009,"Alexander"
"3","Anderson, Chris. Style as Argument: Contemporary American Nonfiction. Carbondale, Ill.: Southern Illinois University Press, 1987.","Anderson_1987",1987,"Anderson"
"4","Anderson, Chris, ed. Literary Nonfiction: Theory, Criticism, Pedagogy. Carbondale, Ill.: Southern Illinois University Press, 1989.","Anderson_1989",1989,"Anderson"
"5","Applegate, Edd, ed. Literary Journalism: A Biographical Dictionary of Writers and Editors. Westport, Conn.: Greenwood Press, 1996.","Applegate_1996",1996,"Applegate"
"6","Asch, Nathan. Review. The New Republic 4 Sept. 1935: 108.","Asch_1935",1935,"Asch"
"7","Ashdown, Paul. “Ernest Hemingway.” A Sourcebook of American Literary Journalism: Representative Writers in an Emerging Genre. Ed. Thomas B. Connery. New York: Greenwood Press, 1992. 187–196.","Ashdown_1992",1992,"Ashdown"
"8","Ball, John. Introduction. Children of the Levee by Lafcadio Hearn. Ed. O. W. Frost. [Lexington, Ky.:] University of Kentucky Press, 1957. 1–8.","Ball_1957",1957,"Ball"
"9","Banks, Anna. “Norman Mailer.” A Sourcebook of American Literary Journalism: Representative Writers in an Emerging Genre. Ed. Thomas B. Connery. New York: Greenwood Press, 1992. 297–306.","Banks_1992",1992,"Banks"
"10","Bass, Sharon. “John McPhee.” A Sourcebook of American Literary Journalism: Representative Writers in an Emerging Genre. Ed. Thomas B. Connery. New York: Greenwood Press, 1992. 343–52.","Bass_1992",1992,"Bass"
"11","Bartley, Aryn. “The Citizen-Witness and the Politics of Shame: Walker Evans and James Agee’s Let Us Now Praise Famous Men.” Literary Journalism Studies 1, no. 2 (Fall 2009): 23–41.","Bartley_2009",2009,"Bartley"
"12","Berger, Arthur A. “Am I a Siamese Twin?” Journal of Popular Culture 9, no. 1 (Summer 1975): 162/64-67/69. 20th century; Tom Wolfe, Gay Talese; New Journalism; Magazines, newspapers; Popular culture.","Berger_1975",1975,"Berger"
"13","Berner, R. Thomas. “C. D. B. Bryan.” A Sourcebook of American Literary Journalism: Representative Writers in an Emerging Genre. Ed. Thomas B. Connery. New York: Greenwood Press, 1992. 317–22.","Berner_1992",1992,"Berner"
"14","Berner, R. Thomas. The Literature of Journalism: Text and Context. State College, Penn.: Strata Publishing, Inc. 1999.","Berner_1999",1999,"Berner"
"15","Berner, R. Thomas. Literary Newswriting: The Death of an Oxymoron. Journalism Monographs 99. Columbia, S.C.: Association for Education in Journalism and Mass Communication, Oct. 1986.","Berner_1986",1986,"Berner"
"16","Berner, R. Thomas. “Literary Notions and Utilitarian Reality.” Style 16 (Fall 1982): 452–57.","Berner_1982",1982,"Berner"
"17","Berner, R. Thomas. Writing Literary Features. Hillsdale, N.J.: Lawrence Erlbaum Associates, 1988.","Berner_1988",1988,"Berner"
"18","Beyer, Charlotte. “‘A Work and a Purpose’: Willa Cather’s Journalism.” The Journalistic Imagination: Literary Journalists from Defoe to Capote and Carter. Ed. Richard Keeble and Sharon Wheeler. London: Routledge, 2007. 74–86.","Beyer_2007",2007,"Beyer"
"19","Bordelon, Pamela, ed. Biographical essay. Go Gator and Muddy the Water: Writings by Zora Neale Hurston from the Federal Writers’ Project. New York: W. W. Norton, 1999.","Bordelon_1999",1999,"Bordelon"
"20","Boylan, James. “The Long and Short of The Jungle.” Journalism History 34 (Fall 2008): 165–67.","Boylan_2008",2008,"Boylan"
"21","Boylan, James. “Publicity for the Great Depression: Newspaper Default and Literary Reportage.” Mass Media Between the Wars: Perceptions of Cultural Tension, 1917–1941. Ed. Catherine Covert and John Stevens. Syracuse: Syracuse University Press, 1984. 159–79.","Boylan_1984",1984,"Boylan"
"22","Boynton, H. W. “The Literary Aspect of Journalism.” Atlantic 93 (1904): 845–51.","Boynton_1904",1904,"Boynton"
"23","Boynton, Robert S. The New New Journalism. New York: Vintage, 2005.","Boynton_2005",2005,"Boynton"
"24","Bradley, Patricia. “Richard Harding Davis.” A Sourcebook of American Literary Journalism: Representative Writers in an Emerging Genre. Ed. Thomas B. Connery. New York: Greenwood Press, 1992. 21–52.","Bradley_1992",1992,"Bradley"
"25","Brady, John. “Nude Journalism.” Journal of Popular Culture 9, no. 1 (Summer 1975): 153/55-61/63. 20th century; Hugh Hefner; Magazine journalism; Magazines; Playboy.","Brady_1975",1975,"Brady"
"26","Braman, Sandra. “Joan Didion.” A Sourcebook of American Literary Journalism: Representative Writers in an Emerging Genre. Ed. Thomas B. Connery. New York: Greenwood Press, 1992. 353–58.","Braman_1992",1992,"Braman"
"27","Calvi, Pablo. “Latin America’s Own ‘New Journalism.’” Literary Journalism Studies 2, no. 2 (Fall 2010): 63–83.","Calvi_2010",2010,"Calvi"
"28","Carey, John. Introduction. Ed. John Carey. The Faber Book of Reportage. London: Faber and Faber, 1987; rpt. as Eyewitness to History. New York: Avon, 1990. xxix–xxxviii.","Carey_1990",1990,"Carey"
"29","Carrillo, Maria. “Great Expectations: The Virginian-Pilot’s Commitment to Storytelling.” Points-of-Entry: Cross-Currents in Storytelling 2, no.1 (2004): 11–13.","Carrillo_2004",2004,"Carrillo"
"30","Chance, Jean, and William McKeen. Introduction. Literary Journalism: A Reader. Ed. Jean Chance and William McKeen. Belmont, Calif.: Wadsworth, 2001. vii–xiv.","Chance_2001",2001,"Chance"
"31","Cheney, Theodore A. Rees. Writing Creative Nonfiction: Fiction Techniques for Crafting Great Nonfiction. Cincinnati: Ten Speed Press, 2000.","Cheney_2000",2000,"Cheney"
"32","Anon., “Chronicle and Comment.” The Bookman 14 (Oct. 1901): 110–11.","Anon_1901",1901,"Anon"
"33","Clark, Roy Peter. “Tell Me a Story.” Poynter Online 12 December 2003. Accessed 14 April 2004 <http://www.poynter.org/content/content_view.asp?id=51437>.","Clark_1437",1437,"Clark"
"34","Connery, Thomas B. “Discovering a Literary Form.” A Sourcebook of American Literary Journalism: Representative Writers in an Emerging Genre. Ed. Thomas B. Connery. New York: Greenwood Press, 1992. 3–37.","Connery_1992",1992,"Connery"
"35","Connery, Thomas B. “Fiction/Nonfiction and Sinclair’s The Jungle: Drinking from the Same Well.” Journalism History 34 (Fall 2008): 167–70.","Connery_2008",2008,"Connery"
"36","Connery, Thomas B. “Research Review: Magazines and Literary Journalism, An Embarrassment of Riches.” Electronic Journal of Communication/La Revue Electronique de Communication. 4 (1994): 1–12.","Connery_1994",1994,"Connery"
"37","Conover, Ted. Foreward. True Stories: A Century of Literary Journalism by Norman Sims. Evanston, Ill.: Northwestern University Press, 2007. ix–xv.","Conover_2007",2007,"Conover"
"38","Cott, Jonathan. Wandering Ghost: The Odyssey of Lafcadio Hearn. New York: Alfred A. Knopf, 1991.","Cott_1991",1991,"Cott"
"39","Coward, John M. “Tracy Kidder.” A Sourcebook of American Literary Journalism: Representative Writers in an Emerging Genre. Ed. Thomas B. Connery. New York: Greenwood Press, 1992. 375–86.","Coward_1992",1992,"Coward"
"40","Culbert, David H. “TV/N.J.” Journal of Popular Culture 9, no. 1 (Summer 1975): 168/70-73/75. 20th century; New Journalists; Television.","Culbert_1975",1975,"Culbert"
"41","Dennis, Everette E. “Journalistic Primitivism.” Journal of Popular Culture 9, no. 1 (Summer 1975): 122/24-34/36. 20th century; Tom Wolfe, Philip Meyer; New Journalism; Magazines, newspapers; Journalistic methods.","Dennis_1975",1975,"Dennis"
"42","Dow, William. Narrating Class in American Fiction. New York: Palgrave Macmillan, 2009.","Dow_2009",2009,"Dow"
"43","Eason, David. “The New Journalism and the Image-World.” Literary Journalism in the Twentieth Century. Ed. Norman Sims. Evanston, Ill.: Northwestern University Press, 2008. 206–27.","Eason_2008",2008,"Eason"
"44","Easterbrook, Gregg. “Toxic Business.” New York Times Book Review, 10 Sept. 1995: 13.","Easterbrook_1995",1995,"Easterbrook"
"45","English, John W. “What Professionals Say.” Journal of Popular Culture 9, no. 1 (Summer 1975): 232/134-40/42. 20th century; Magazines, books; New Journalists' views on New Journalism.","English_1975",1975,"English"
"46","Evensen, Bruce J. “Abraham Cahan.” A Sourcebook of American Literary Journalism: Representative Writers in an Emerging Genre. Ed. Thomas B. Connery. New York: Greenwood Press, 1992. 91–100.","Evensen_1992",1992,"Evensen"
"47","Fishkin, Shelley Fisher. “The Borderlands of Culture: Writing by W. E. B. Du Bois, James Agee, Tillie Olsen, and Gloria Anzaldua.” Literary Journalism in the Twentieth Century. Ed. Norman Sims. Evanston, Ill.: Northwestern University Press, 2008. 133–82.","Fishkin_2008",2008,"Fishkin"
"48","Fishkin, Shelley Fisher. From Fact to Fiction: Journalism and Imaginative Writing in America. Baltimore: Johns Hopkins University Press, 1985. Fishman, Donald. “Norman Mailer.” Journal of Popular Culture 9, no. 1 (Summer 1975): 174/76-82/84. 20th century; Norman Mailer; New Journalism; Novels, essays.","Fishkin_1975",1975,"Fishkin"
"49","Fishwick, Marshall. “Editorial.” Journal of Popular Culture 9, no. 1 (Summer 1975): 247/149-249/151. 20th century; Magazines, books; Interaction of New Journalism and popular culture.","Fishwick_1975",1975,"Fishwick"
"50","Flis, Leonora. Factual Fictions: Narrative Truth and the Contemporary American Documentary Novel. Newcastle upon Tyne, U.K.: Cambridge Scholars Publishing, 2010.","Flis_2010",2010,"Flis"
"51","Forché, Carolyn, and Philip Gerard, eds. Writing Creative Nonfiction: Instruction and Insights from the Teachers of the Associated Writing Programs. Cincinnati: Story Press, 2001.","Forche_2001",2001,"Forche"
"52","Ford, Edwin H. “The Art and Craft of the Literary Journalist.” Survey of Journalism. Ed. George Fox Mott. New York: Barnes and Noble, 1937. 294–302.","Ford_1937",1937,"Ford"
"53","Forde, Kathy Roberts. “How Masson v. New Yorker Has Shaped the Legal Landscape of Narrative Journalism.” Communication Law & Policy 10 (Winter 2005): 101–33.","Forde_2005",2005,"Forde"
"54","Forde, Kathy Roberts. Literary Journalism on Trial: Masson v. New Yorker and the First Amendment. Amherst, Mass.: University of Massachusetts Press, 2008.","Forde_2008",2008,"Forde"
"55","Fowler, Giles. “John Steinbeck.” A Sourcebook of American Literary Journalism: Representative Writers in an Emerging Genre. Ed. Thomas B. Connery. New York: Greenwood Press, 1992. 179–85.","Fowler_1992",1992,"Fowler"
"56","Franke, Warren T. “W. T. Stead: The First New Journalist?” Journalism History, 1.2 (1974): 36+. Franklin, Jon. “The Narrative Tool.” American Editor 2 Dec. 1998. Accessed 9 March 2004 < h t t p : / / w w w . a s n e . o r g / k i o s k / e d i t o r / 9 8 . o c t n o v / fr a n k l i n 1 . h t m > .","Franke_2004",2004,"Franke"
"57","Franke, Warren T. Writing for Story: Craft Secrets of Dramatic Nonfiction by a Two-Time Pulitzer Prize Winner. New York: Plume, 1986.","Franke_1986",1986,"Franke"
"58","Frus, Phyllis. The Politics and Poetics of Journalistic Narrative: The Timely and the Timeless. New York: Cambridge University Press, 1994.","Frus_1994",1994,"Frus"
"59","Frus, Phyllis. “Two Tales ‘Intended to Be after the Fact’: ‘Stephen Crane’s Own Story’ and ‘The Open Boat.’” Literary Nonfiction: Theory, Criticism, Pedagogy. Ed. Chris Anderson. Carbondale, Ill.: Southern Illinois University Press, 1989. 125–51.","Frus_1989",1989,"Frus"
"60","Fry, Don, and Roy Peter Clark. “Rebirth of the narrative: The Rebirth Of Narrative in America’s Newsrooms.” The Quill May 1994: 27–28.","Fry_1994",1994,"Fry"
"61","Gold, Herbert. “On Epidemic First Personism.” The Reporter as Artist: A Look at the New Journalism Controversy. Ed. Ronald Weber. New York: Hastings House, 1974. 283–87.","Gold_1974",1974,"Gold"
"62","Gooch, Cheryl. “The Literary Mind of a Cornfield Journalist: Joel Chandler Harris’s 1904 Negro Question Articles.” Literary Journalism Studies 1, no. 2 (Fall 2009): 79–87.","Gooch_2009",2009,"Gooch"
"63","Good, Howard. “Jacob A. Riis.” A Sourcebook of American Literary Journalism: Representative Writers in an Emerging Genre. New York: Greenwood P, 1992. 81–90.","Good_1992",1992,"Good"
"64","Green, James. “Gonzo.” Journal of Popular Culture 9, no. 1 (Summer 1975): 204/106-210/112. 20th century; Hunter Thompson, Tom Wolfe; Magazines; Strengths and weaknesses of gonzo style.","Green_1975",1975,"Green"
"65","Guilfoil, Kelsey. “John Hersey: Fact and Fiction.” The English Journal 39, no. 7 (Sept. 1950): 355-360.","Guilfoil_1950",1950,"Guilfoil"
"66","Gutkind, Lee. The Art of Creative Nonfiction: Writing and Selling the Literature of Reality. New York: John Wiley & Sons, 1997.","Gutkind_1997",1997,"Gutkind"
"67","Gutkind, Lee. Keep It Real: Everything You Need to Know About Researching and Writing Creative Nonfiction. New York: W. W. Norton & Co., 2009.","Gutkind_2009",2009,"Gutkind"
"68","Hapgood, Hutchins. “A New Form of Literature.” Bookman 21 (1905): 424–47.","Hapgood_1905",1905,"Hapgood"
"69","Hart, Jack. “Stories in the News.” Writer’s Digest Sept. 1995: 29–33.","Hart_1995",1995,"Hart"
"70","Hartsock, John C. Foreword. Literary Journalism in the Twentieth Century. Ed. Norman Sims. Evanston, Ill.: Northwestern University Press, 2008. vii–xii.","Hartsock_2008",2008,"Hartsock"
"71","Hartsock, John C. A History of American Literary Journalism: The Emergence of a Modern Narrative Form. Amherst, Mass.: University of Masschusetts Press, 2000.","Hartsock_2000",2000,"Hartsock"
"72","Hartsock, John C. “‘It Was a Dark and Stormy Night’: Newspaper Reporters Rediscover the Art of Narrative Literary Journalism and Their Own Epistemological Heritage.” Prose Studies 29.2 (2007): 263–84.","Hartsock_2007",2007,"Hartsock"
"73","Hartsock, John C. “Literary Reportage: The ‘Other’ Literary Journalism.” Genre: Forms of Discourse and Culture, 42 (Spring/Summer 2009): 113–34. Rpt. and rev. in Literary Journalism Across the Globe: Journalistic Traditions and Transnational Influences. Amherst, Mass.: University of Massachusetts Press, 2011.","Hartsock_2011",2011,"Hartsock"
"74","Hartsock, John C. “‘Scribbling the Cat’: In a Dangerous Land of Negotiating Personal and Cultural Revelation.” DoubleTake 1, vol. 2 (2006): 100-04.","Hartsock_2006",2006,"Hartsock"
"75","Hartsock, John C. “Telling News Naturally,” Points of Entry: Cross-Currents in Story Telling 1, no. 1, 2003: 35–41.","Hartsock_2003",2003,"Hartsock"
"76","Harvey, Chris. “Tom Wolfe’s Revenge.” American Journalism Review Oct. 1994: 40–45.","Harvey_1994",1994,"Harvey"
"77","Hawthorne, Julian. “Journalism the Destroyer of Literature.” The Critic 48 (1906): 166–71.","Hawthorne_1906",1906,"Hawthorne"
"78","Hellmann, John. Fables of Fact: The New Journalism as Fables of Fact. Urbana: University of Illinois Press, 1981. Hersey, John. “The Legend on the License.” Yale Review 70: 1–25.","Hellmann_1981",1981,"Hellmann"
"79","Hellmann, John. “The Novel of Contemporary History.” Atlantic Monthly Nov. 1949: 80-84.","Hellmann_1949",1949,"Hellmann"
"80","Hettinga, Donald R. “Ring Lardner.” A Sourcebook of American Literary Journalism: Representative Writers in an Emerging Genre. Ed. Thomas B. Connery. New York: Greenwood Press, 1992. 161–67.","Hettinga_1992",1992,"Hettinga"
"81","Heyne, Eric. “Toward a Theory of Literary Nonfiction.” Modern Fiction Studies 23 (1987): 479–90.","Heyne_1987",1987,"Heyne"
"82","Hollowell, John. Fact & Fiction: The New Journalism and the Nonfiction Novel. Chapel Hill: University of North Carolina Press, 1977.","Hollowell_1977",1977,"Hollowell"
"83","Hough, George A. “How New?” Journal of Popular Culture 9 (1975): 114/16–121/23.","Hough_1975",1975,"Hough"
"84","Howarth, William. “The Mother of Literature: Journalism and The Grapes of Wrath.” Literary Journalism in the Twentieth Century. Ed. Norman Sims. Evanston, Ill.: Northwestern University Press, 2008. 53–81.","Howarth_2008",2008,"Howarth"
"85","Humphrey, Robert E. “John Reed.” A Sourcebook of American Literary Journalism: Representative Writers in an Emerging Genre. Ed. Thomas B. Connery. New York: Greenwood Press, 1992. 151–60.","Humphrey_1992",1992,"Humphrey"
"86","Humphries, David T. Different Dispatches: Journalism in American Modernist Prose. New York: Routledge, 2006.","Humphries_2006",2006,"Humphries"
"87","Jacobson, Kent. “The Freaking New Journalism.” Journal of Popular Culture 9, no. 1 (Summer 1975): 183/85-96/98. 20th century; New Journalism; Books, Magazines; Social alienation.","Jacobson_1975",1975,"Jacobson"
"88","Johnson, Michael L. “Wherein Lies the Value?” Journal of Popular Culture 9, no. 1 (Summer 1975): 135/37-41/43. 20th century; Tom Wolfe, Norman Mailer, Truman Capote; New Journalism; Magazines, newspapers; Popular culture.","Johnson_1975",1975,"Johnson"
"89","Jones, Dan R. “John McPhee.” A Sourcebook of American Literary Journalism: Representative Writers in an Emerging Genre. Ed. Thomas B. Connery. New York: Greenwood Press, 1992. 343–52.","Jones_1992",1992,"Jones"
"90","Jensen, Jay. “The New Journalism in Historical Perspective.” Journalism History 1.2 (1974): 37+.","Jensen_1974",1974,"Jensen"
"91","Johnson, Michael L. The New Journalism: The Underground Press, the Artists of Nonfiction, and Changes in the Established Media. Lawrence, Kans.: University Press of Kansas, 1971.","Johnson_1971",1971,"Johnson"
"92","Kallan, Richard A. “Entrance.” Journal of Popular Culture 9, no. 1 (Summer 1975): 106/8-13/15. 20th century; Tom Wolfe, Gay Talese; New nonfiction; Books, magazines; Popular Culture.","Kallan_1975",1975,"Kallan"
"93","Kallan, Richard A. “Tom Wolfe.” A Sourcebook of American Literary Journalism: Representative Writers in an Emerging Genre. Ed. Thomas B. Connery. New York: Greenwood Press, 1992. 249–60.","Kallan_1992",1992,"Kallan"
"94","Kaul, Arthur J., ed. American Literary Journalists, 1945–1995. First Series. Dictonary of Literary Biography. Detroit: Gale Research, 1997. 185.","Kaul_1997",1997,"Kaul"
"95","Kaul, Arthur J.. “Hunter S. Thompson.” A Sourcebook of American Literary Journalism: Representative Writers in an Emerging Genre. Ed. Thomas B. Connery. New York: Greenwood Press, 1992. 273–79.","Kaul_1992",1992,"Kaul"
"96","Kazin, Alfred. “The Imagination of Fact.” Bright Book of Life. Boston: Little, Brown, 1973. 209–41.","Kazin_1973",1973,"Kazin"
"97","Keeble, Richard. Introduction. The Journalistic Imagination: Literary Journalists from Defoe to Capote and Carter. London: Routledge, 2007. 1–14.","Keeble_2007",2007,"Keeble"
"98","Kenner, Hugh. “The Politics of the Plain Style.” Literary Journalism in the Twentieth Century. Ed. Norman Sims. Evanston, Ill.: Northwestern University Press, 2008. 183–90.","Kenner_2008",2008,"Kenner"
"99","Kerrane, Kevin. “Making Facts Dance.” The Art of Fact: A Historical Anthology of Literary Journalism. Ed. Kevin Kerrane and Ben Yagoda. New York: Scribner, 1997. 17–20.","Kerrane_1997",1997,"Kerrane"
"100","Kirkhorn, Michael J. “Journalism’s Guilty Secret.” Nieman Reports 46, vol. 2 (Summer 1992): 36–41.","Kirkhorn_1992",1992,"Kirkhorn"
"101","Kramer, Dale. Ross and The New Yorker. New York: Doubleday, 1951.","Kramer_1951",1951,"Kramer"
"102","Kramer, Mark. “Breakable Rules for Literary Journalists.” Literary Journalism: A New Collection of the Best American Nonfiction. Ed. Norman Sims and Mark Kramer. New York: Ballantine, 1995. 21–34.","Kramer_1995",1995,"Kramer"
"103","Kramer, Mark. “Narrative Journalism Comes of Age.” Nieman Reports 54.3 (2000): 5–8.","Kramer_2000",2000,"Kramer"
"104","Kramer, Mark, and Wendy Call. Telling True Stories. New York: Plume, 2007.","Kramer_2007",2007,"Kramer"
"105","Landa, Amy Snow. “How Literary Journalism Can Inform Bioethics.” Literary Journalism Studies 2, no. 2 (Fall 2010): 47– 61.","Landa_2010",2010,"Landa"
"106","Landreth, Elizabeth. “There Shall Be No Night: Las Vegas.” Journal of Popular Culture 9, no. 1 (Summer 1975): 197/99- 203/105. 20th century; New Journalism; Books, magazines; Las Vegas.","Landreth_1975",1975,"Landreth"
"107","Lee, Gerard Stanley. “Journalism as a Basis for Literature.” Atlantic Feb. 1900: 231–37.","Lee_1900",1900,"Lee"
"108","Lehman, Daniel W. John Reed & Writing of Revolution. Columbus: Ohio University Press, 2002.","Lehman_2002",2002,"Lehman"
"109","Lehman, Daniel W. Matters of Fact: Reading Nonfiction over the Edge. Columbus, Ohio: Ohio State University Press, 1997.","Lehman_1997",1997,"Lehman"
"110","Lemann, Nicholas. Panel discussion: “America: What’s the Story?: The Uses and Abuses of Narrative in Nonfiction: the World, the Word, and the Future: Sesquicentennial Discussion on the State of the Literary Arts.” New York State Writers Center, Albany, N.Y. 18 Nov. 1994.","Lemann_1994",1994,"Lemann"
"111","Lemann, Nicholas. “Writing Literary History: The Promised Land, and The Big Test; Interview with Author Nicholas Lemann,” interview by Norman Sims. Literary Journalism Studies 3, no. 1 (Spring 2011): 9–31.","Lemann_2011",2011,"Lemann"
"112","Lewis, Oscar. Introduction. Frank Norris of “The Wave”: Stories & Sketches from the San Francisco Weekly, 1893 to 1897. San Francisco: Westgate Press, 1931. 1–15.","Lewis_1931",1931,"Lewis"
"113","Lounsberry, Barbara. The Art of Fact: Contemporary Artists of Nonfiction. New York: Greenwood Press, 1990.","Lounsberry_1990",1990,"Lounsberry"
"114","Lule, Jack. “Joe Eszterhas.” A Sourcebook of American Literary Journalism: Representative Writers in an Emerging Genre. Ed. Thomas B. Connery. New York: Greenwood Press, 1992. 307–16.","Lule_1992",1992,"Lule"
"115","Lemann, Nicholas. “Hersey’s ‘Hiroshima.’” Politics 3 (Oct. 1946): 308.","Lemann_1946",1946,"Lemann"
"116","Lemann, Nicholas. “Parajournalism, or Tom Wolfe and His Magic Writing Machine.” The Reporter as Artist: A Look at the New Journalism Controversy. Ed. Ronald Weber. New York: Hastings House, 1974. 223–33.","Lemann_1974",1974,"Lemann"
"117","Lemann, Nicholas. “Richard Critchfield: ‘Genius’ Journalism and the Fallacy of Verification.” Literary Journalism Studies 1, no. 2 (Fall 2009): 9–21.","Lemann_2009",2009,"Lemann"
"118","Maguire, Roberta. “Riffing on Hemingway and Burke, Responding to Mailer and Wolfe: Albert Murray’s ‘Anti- Journalism.’” Literary Journalism Studies 2, no. 2 (Fall 2010): 9-26.","Maguire_2010",2010,"Maguire"
"119","Mansell, Darrel. “Unsettling the Colonel’s Hash: ‘Fact’ in Autobiography.” Literary Journalism in the Twentieth Century. Ed. Norman Sims. New York: Oxford University Press, 1990. 261-280.","Mansell_1990",1990,"Mansell"
"120","Lemann, Nicholas. “Literary Journalism: Newspapers’ Last Best Hope.” Connecticut Review 18, no. 1 (Spring 1996): 59-69.","Lemann_1996",1996,"Lemann"
"121","Lemann, Nicholas. “Toward a History of Literary Journalism.” Michigan Academician 24 (1992): 359–69.","Lemann_1992",1992,"Lemann"
"122","Marmarelli, Ronald S. “William Hard.” A Sourcebook of American Literary Journalism: Representative Writers in an Emerging Genre. Ed. Thomas B. Connery. New York: Greenwood Press, 1992. 131–42.","Marmarelli_1992",1992,"Marmarelli"
"123","Matalene, Carolyn. Introduction. Telling Stories Taking Risks. Ed. Alice M. Klement and Carolyn B. Matalene. Belmont, Calif.: Wadsworth, 1998. 1–3.","Matalene_1998",1998,"Matalene"
"124","McCarthy, Mary. “Artists in Uniform.” Harper’s March 1953. Rpt. in Literary Journalism in the Twentieth Century. Ed. Norman Sims. Evanston, Ill.:Northwestern University Press, 2008. 231–46.","McCarthy_2008",2008,"McCarthy"
"125","McKeen, William. Outlaw Journalist: The Life and Times of Hunter S. Thompson. New York: W. W. Norton & Company, 2009.","McKeen_2009",2009,"McKeen"
"126","Mills, Nicolaus. Introduction. The New Journalism: A Historical Anthology. New York: McGraw-Hill, 1974. xi–xx.","Mills_1974",1974,"Mills"
"127","Nelson, Jack A. “Mark Twain.” A Sourcebook of American Literary Journalism: Representative Writers in an Emerging Genre. Ed. Thomas B. Connery. New York: Greenwood Press, 1992. 39–42.","Nelson_1992",1992,"Nelson"
"128","Nocera, Joseph. “How Hunter Thompson Killed New Journalism.” Washington Monthly, April 1981, 44-50. 20th century; Hunter Thompson; Gonzo journalism, New Journalism; Books, magazines..","Nocera_1981",1981,"Nocera"
"129","Norman, Michael. “Writing Narrative Portraiture.” Literary Journalism Studies 1, no. 1 (Spring 2009): 50–56.","Norman_2009",2009,"Norman"
"130","North, Joseph. “Reportage.” American Writer’s Congress. Ed. Henry Hart. New York: International, 1935. 120–23.","North_1935",1935,"North"
"131","Moss, Marilyn Ann. “Theodore Dreiser.” A Sourcebook of American Literary Journalism: Representative Writers in an Emerging Genre. Ed. Thomas B. Connery. New York: Greenwood Press, 1992. 143–50.","Moss_1992",1992,"Moss"
"132","Nuttall, Nick. “Cold-Blooded Journalism: Truman Capote and the Non-fiction Novel.” The Journalistic Imagination: Literary Journalists from Defoe to Capote and Carter. Ed. Richard Keeble and Sharon Wheeler. London: Routledge, 2007. 130– 44.","Nuttall_2007",2007,"Nuttall"
"133","O’Connor, William Van, and Frederick J. Hoffman. Preface. American Non-Fiction: 1900–1950. 1952. Westport, Conn.: Greenwood Press, 1970. v–vii.","O_1970",1970,"O"
"134","Ohmann, Richard. “Politics and Genre in Nonfiction Prose.” New Literary History 11, no. 2 (1980): 237–44.","Ohmann_1980",1980,"Ohmann"
"135","Palmer, Ruth. “The Hoax, Uncanny Identity, and Literary Journalism.” Literary Journalism Studies 2, no. 1 (Spring 2010): 85–105.","Palmer_2010",2010,"Palmer"
"136","Parisi, Peter. “Lincoln Steffens.” A Sourcebook of American Literary Journalism: Representative Writers in an Emerging Genre. Ed. Thomas B. Connery. New York: Greenwood Press, 1992. 101–10.","Parisi_1992",1992,"Parisi"
"137","Paterson, Judith. “Literary Journalism’s Twelve Best.” Washington Journalism Review Oct. 1992: 61.","Paterson_1992",1992,"Paterson"
"138","Pauly, John J. “Damon Runyon.” A Sourcebook of American Literary Journalism: Representative Writers in an Emerging Genre. Ed. Thomas B. Connery. New York: Greenwood Press, 1992. 169–78.","Pauly_1992",1992,"Pauly"
"139","Peck, David. “Joseph North and the Proletarian Reportage of the 1930s.” Zeitschrift furAnglistik und Amerikanistick 33, no. 3 (1985): 210–20.","Peck_1985",1985,"Peck"
"140","Peeler, David P. “Unlonesome Highways: The Quest for Fact and Fellowship in Depression America.” Journal of American Studies 18, no. 2 (1984): 186–206.","Peeler_1984",1984,"Peeler"
"141","Pizer, Donald. “Documentary Narrative as Art: William Manchester and Truman Capote.” The Reporter as Artist: A Look at the New Journalism Controversy. Ed. Ronald Weber. New York: Hastings House, 1974. 207–19.","Pizer_1974",1974,"Pizer"
"142","Podhoretz, Norman. “The Article as Art.” Harper’s July 1958: 74–79.","Podhoretz_1958",1958,"Podhoretz"
"143","Anon., “The Point of View: The Newspaper and Fiction.” Scribner’s Magazine 40 (1906): 122–24.","Anon_1906",1906,"Anon"
"144","Polsgrove, Carol. “Gay Talese.” A Sourcebook of American Literary Journalism: Representative Writers in an Emerging Genre. Ed. Thomas B. Connery. New York: Greenwood Press, 1992. 261–71.","Polsgrove_1992",1992,"Polsgrove"
"145","Powers, Thomas. “Cry Wolfe.” Commonweal 102 (1975): 497–99.","Powers_1975",1975,"Powers"
"146","Quinn, Katrina J. “Exploring an Early Version of Literary Journalism: Nineteenth-century Epistolary Journalism,” Literary Journalism Studies 3, no. 1 (Spring 2011): 33–51.","Quinn_2011",2011,"Quinn"
"147","Ringnalda, Donald. “Michael Herr.” A Sourcebook of American Literary Journalism: Representative Writers in an Emerging Genre. Ed. Thomas B. Connery. New York: Greenwood Press, 1992. 281–95.","Ringnalda_1992",1992,"Ringnalda"
"148","Rischin, Moses. Introduction. Grandma Never Lived in America: The New Journalism of Abraham Cahan. Ed. Moses Rischin. Bloomington: Indiana University Press, 1985. xviii–xliv.","Rischin_1985",1985,"Rischin"
"149","Roberts, Arthur. “Lillian Ross.” A Sourcebook of American Literary Journalism: Representative Writers in an Emerging Genre. Ed. Thomas B. Connery. New York: Greenwood Press, 1992. 231–37.","Roberts_1992",1992,"Roberts"
"150","Robertson, Michael. “Stephen Crane.” A Sourcebook of American Literary Journalism: Representative Writers in an Emerging Genre. Ed. Thomas B. Connery. New York: Greenwood Press, 1992. 69–79.","Robertson_1992",1992,"Robertson"
"151","Robertson, Michael. Stephen Crane, Journalism, and the Making of Modern American Literature. New York: Columbia University Press, 1997. Roggenkamp, Karen. Narrating the News: New Journalism and Literary Genre in Late Nineteenth-Century American Newspapers and Fiction. Kent, Ohio: Kent State University Press, 2005.","Robertson_2005",2005,"Robertson"
"152","Readership Institute. Impact Study. Media Management Center. Evanston, Ill.: Northwestern University, 2000. 15 April 2007 http://www.readership.org/resources/impact_study.htm","Readership_2007",2007,"Readership"
"153","Reportage preface. Proletarian Literature in the United States: An Anthology. Ed. Granville Hicks, et al. New York: International Publishers, 1935. 211–12.","Reportage_1935",1935,"Reportage"
"154","Reynolds, Bill “Recovering the Peculiar Life and Times of Tom Hedley andCanadian New Journalism.” Literary Journalism Studies 1, no. 1 (Spring 2009): 79–104.","Reynolds_2009",2009,"Reynolds"
"155","Roiland, Joshua. “Getting Away from It All: The Literary Journalism of David Foster Wallace and Nietzsche’s Concept of Oblivion.” Literary Journalism Studies 1, no. 2 (Fall 2009): 89–105.","Roiland_2009",2009,"Roiland"
"156","Russell, John. Reciprocities in the Nonfiction Novel. Athens, Ga.: University of Georgia Press, 2000.","Russell_2000",2000,"Russell"
"157","Ryan, Maureen. “Green Visors and Ivory Towers: Jean Stafford and the New Journalism.” The Kenyon Review 16, no. 4(1994): 102–19.","Ryan_1994",1994,"Ryan"
"158","Rygiel, Dennis. “Style in Twentieth-Century Literary Nonfiction in English: An Annotated Bibliography of Criticism, 1980–1988.” Style 23 (1989): 566–617.","Rygiel_1989",1989,"Rygiel"
"159","Sauerberg, Lars Ole. Fact into Fiction: Documentary Realism in the Contemporary Novel. New York: St. Martin’s Press, 1991.","Sauerberg_1991",1991,"Sauerberg"
"160","Schmuhl, Robert. “Richard Ben Cramer.” A Sourcebook of American Literary Journalism: Representative Writers in an Emerging Genre. Ed. Thomas B. Connery. New York: Greenwood Press, 1992. 331–42.","Schmuhl_1992",1992,"Schmuhl"
"161","Schultz, William Todd. “Off-stage Voices in James Agee’s Let Us Now Praise Famous Men: Reportage as Covert Autobiography.” American Imago 56, no. 1 (Spring 1999): 75–104.","Schultz_1999",1999,"Schultz"
"162","Segel, Harold B. Egon Erwin Kisch: The Raging Reporter. West Lafayette, Ind.: Purdue University Press, 1992.","Segel_1992",1992,"Segel"
"163","Sims, Norman. “The Art of Literary Journalism.” Literary Journalism: A New Collection of the Best American Nonfiction. Ed. Norman Sims and Mark Kramer. New York: Ballantine, 1995. 3–19.","Sims_1995",1995,"Sims"
"164","Sims, Norman. “Joseph Mitchell and the New Yorker Nonfiction Writers.” Ed. Norman Sims. Literary Journalism in the Twentieth Century. Evanston, Ill.: Northwestern University Press, 2008. 82–109.","Sims_2008",2008,"Sims"
"165","Sims, Norman. “The Literary Journalists.” The Literary Journalists. Ed. Norman Sims. New York: Ballantine, 1984. 3–25.","Sims_1984",1984,"Sims"
"166","Sims, Norman. “The Problem and the Promise of Literary Journalism Studies.” Literary Journalism Studies 1, no. 1 (Spring 2009): 7–16.","Sims_2009",2009,"Sims"
"167","Sims, Norman. True Stories: A Century of Literary Journalism. Evanston, Ill.: Northwestern University Press, 2007.","Sims_2007",2007,"Sims"
"168","Sims, Norman, ed. Literary Journalism in the Twentieth Century. Ed. Norman Sims. Evanston, Ill.: Northwestern University Press, 2008. Reprint of 1990 Oxford University Press edition.","Sims_1990",1990,"Sims"
"169","Schuster, Charles I. “The Nonfictional Prose of Richard Selzer: an Aesthetic Analysis.” Literary Nonfiction: Theory, Criticism, Pedagogy. Ed. Chris Anderson. Carbondale, Ill.: Southern Illinois University Press, 1989. 3–28.","Schuster_1989",1989,"Schuster"
"170","Smith, Kathy. “John McPhee Balances the Act.” Literary Journalism in the Twentieth Century. Ed. Norman Sims. Evanston, Ill.: Norman Sims. Evanston, Ill.:Northwestern University Press, 2008. 206–27.","Smith_2008",2008,"Smith"
"171","Solotaroff, Theodore. “Introduction to Writers and Issues.” The Reporter as Artist: A Look at the New Journalism Controversy. Ed. Ronald Weber. New York: Hastings House, 1974. 161–66.","Solotaroff_1974",1974,"Solotaroff"
"172","Sommer, Robert. “New Journalism & New Sociology Compared.” Journal of Popular Culture 9, no. 1 (Summer 1975): 241/143-46/48. 20th century; Tom Wolfe, Erving Goffman; New Journalism; Magazines, books.","Sommer_1975",1975,"Sommer"
"173","Steiner, Linda. “Joe McGinniss.” A Sourcebook of American Literary Journalism: Representative Writers in an Emerging Genre. Ed. Thomas B. Connery. New York: Greenwood Press, 1992. 367–74.","Steiner_1992",1992,"Steiner"
"174","Sternbergh, Adam. “How James Salter Wrote an Eleven-Page Biography of A.J. Liebling.” In The 6th Floor (blog). New York Times, April 21, 2011. http://6thfloor.blogs.nytimes.com/2011/04/21/how-james-salter-wrote-an-eleven- page-biography-of-a-j-liebling/?ref=thenewyorker. 20th century; James Salter; Sketch; Book; A.J. Liebling.","Sternbergh_2011",2011,"Sternbergh"
"175","Stott, William. Documentary Expression and Thirties America. New York: Oxford University Press, 1973.","Stott_1973",1973,"Stott"
"176","Talese, Gay. ”Origins of a Nonfiction Writer.” Writing Creative Nonfiction: The Literature of Reality. Ed. Gay Talese and Barbara Lounsberry. New York: HarperCollins), 1996. 1–25.","Talese_1996",1996,"Talese"
"177","Anon., “Talking about Narrative Journalism.” Nieman Reports Fall 2000: 20–22.","Anon_2000",2000,"Anon"
"178","Thompson, Matthew. “Outrider: William T. Vollmann, Tony Tanner, and the Private Extremes of an Anti-Journalism,” Literary Journalism Studies 3, no. 1 (Spring 2011): 73–95.","Thompson_2011",2011,"Thompson"
"179","Thompson, Maurice. “The Prospect of Fiction.” The Independent 52 (1900): 1182–83.","Thompson_1182",1182,"Thompson"
"180","Troyer, Howard William. Ned Ward of Grubstreet: A Study of Sub-Literary London in the Eighteenth Century. Cambridge: Harvard University Press, 1946.","Troyer_1946",1946,"Troyer"
"181","Van Dellen, Robert J. “We've Been Had by the New Journalism: A Put Down.” Journal of Popular Culture 9, no. 1 (Summer 1975): 219/121-31/33. 20th century; New Journalists; Magazines, books; Dishonesty of New Journalism.","Van_1975",1975,"Van"
"182","Wakefield, Dan. “The Personal Voice and the Impersonal Eye.” The Reporter as Artist: A Look at the New Journalism Controversy. Ed. Ronald Weber. New York: Hastings House, 1974. 39–48.","Wakefield_1974",1974,"Wakefield"
"183","Warner, Langdon. “The Editor’s Clearing-House: Need Journalism Destroy Literature?” The Critic 48 (1906): 469–70.","Warner_1906",1906,"Warner"
"184","Webb, Joseph. “Historical Perspective on the New Journalism.” Journalism History, 1.2 (1974): 38+.","Webb_1974",1974,"Webb"
"185","Weber, Ronald. “Hemingway’s Permanent Records.” Literary Journalism in the Twentieth Century. Ed. Norman Sims. Evanston, Ill.: Northwestern University Press, 2008. 21–52.","Weber_2008",2008,"Weber"
"186","Weber, Ronald. The Literature of Fact: Literary Nonfiction in American Writing. Athens, Ohio: Ohio University Press, 1980.","Weber_1980",1980,"Weber"
"187","Weber, Ronald. “Some Sort of Artistic Excitement.” The Reporter as Artist: A Look at the New Journalism Controversy. New York: Hastings House, 1974. 13–23.","Weber_1974",1974,"Weber"
"188","Weber, Ronald. “Moon Talk.” Journal of Popular Culture 9, no. 1 (Summer 1975): 142/44-52/54. 20th century; Tom Wolfe, Norman Mailer, Philip Roth, John Updike; New Journalism; Books; Space exploration.","Weber_1975",1975,"Weber"
"189","Weingarten, Marc. The Gang That Wouldn’t Write Straight: Wolfe, Thompson, Didion, and the New Journalism Revolution. New York: Crown Publishers, 2006.","Weingarten_2006",2006,"Weingarten"
"190","Weirather, Larry. “Tom Wolfe's Snake River Canyon Jump.” Journal of Popular Culture 9, no. 1 (Summer 1975): 211/113- 18/20. 20th century; Tom Wolfe; Magazines, books; Popular reception of New Journalism.","Weirather_1975",1975,"Weirather"
"191","Whitby, Gary L. A Sourcebook of American Literary Journalism: Representative Writers in an Emerging Genre. Ed. Thomas B. Connery. New York: Greenwood Press, 1992. 239–48.","Whitby_1992",1992,"Whitby"
"192","Whitt, Jan. ”From The Jungle to Food Lion: The History Lessons of Investigative Journalism.” Journalism History 34 (Fall 2008):170–73.","Whitt_2008",2008,"Whitt"
"193","Wilson, Deborah. “An Unscathed Tourist of Wars: The Journalism of Martha Gellhorn.” The Journalistic Imagination: Literary Journalists from Defoe to Capote and Carter. Ed. Richard Keeble and Sharon Wheeler. London: Routledge, 2007. 116–29.","Wilson_2007",2007,"Wilson"
"194","Winterowd, W. Ross. The Rhetoric of the “Other” Literature. Carbondale, Ill.: Southern Illinois University Press, 1990. Wolfe, Tom. “The New Journalism.” The New Journalism: With an Anthology. Ed. Tom Wolfe and E. W. Johnson. New York: Harper, 1973. 3–64.","Winterowd_1973",1973,"Winterowd"
"195","Yagoda, Ben. About Town: The New Yorker and the World It Made. New York: Da Capo Press, 2001.","Yagoda_2001",2001,"Yagoda"
"196","Yagoda, Ben. Preface. The Art of Fact: A Historical Anthology of Literary Journalism. Ed. Kevin Kerrane and Ben Yagoda. New York: Scribner, 1997. 13–16.","Yagoda_1997",1997,"Yagoda"
"197","Zavarzadeh, Mas’ud. The Mythopoeic Reality: The Postwar American Nonfiction Novel. Urbana: University of Illinois Press, 1976.","Zavarzadeh_1976",1976,"Zavarzadeh"
"198","Zdovc, Sonja Merljak. Literary Journalism in the United States of America and Slovenia. Lanham, Md.: University Press of America, 2008.","Zdovc_2008",2008,"Zdovc"
"199","Anon., “Borderland of Literature,” in Spectator 71:513 (Oct. 14, 1893).","Anon_1893",1893,"Anon"
"200","Anon., “Confessions of a Literary Journalist,” in Bookman 26:370-76 (Dec. 1907).","Anon_1907",1907,"Anon"
"201","Anon., “Plea for Literary Journalism,” in Harper’s Weekly, 46:1558 (Oct. 25, 1902).","Anon_1902",1902,"Anon"
"202","Benson, Jackson J. The True Adventures of John Steinbeck, Writer. New York: The Viking Press, 1984.","Benson_1984",1984,"Benson"
"203","Bruccoli, Matthew, editor. Ernest Hemingway, Cub Reporter; Kansas City Star Stories. Pittsburgh: University of Pittsburgh Press, 1970.","Bruccoli_1970",1970,"Bruccoli"
"204","Chametzky, Jules. From the Ghetto; The Fiction of Abraham Cahan. Amherst: University of Massachusetts Press, 1977.","Chametzky_1977",1977,"Chametzky"
"205","Coles, Robert. “James Agee’s Search,” in Raritan (Summer 1983), p. 74- 100.","Coles_1983",1983,"Coles"
"206","Connery, Thomas. “Hutchins Hapgood and the Search for a ‘New Form of Literature,’” in Journalism History 13 (1): 2-9 (Spring 1986)","Connery_1986",1986,"Connery"
"207","DeMott, Robert, editor. Working Days: The Journals of the Grapes of Wrath. New York: The Viking Press, 1989.","DeMott_1989",1989,"DeMott"
"208","Eastman, Max. Journalism Versus Art. New York: Alfred A. Knopf, 1916.","Eastman_1916",1916,"Eastman"
"209","Fenton, Charles A. The Apprenticeship of Ernest Hemingway; The Early Years. New York: New American Library, 1961. Originally published 1954.","Fenton_1954",1954,"Fenton"
"210","Gingrich, Arnold. Nothing But People; The Early Days at Esquire: A Personal History 1928–1958. New York: Crown Publishers, 1971.","Gingrich_1971",1971,"Gingrich"
"211","Hovey, Tamara. John Reed: Witness to Revolution. Los Angeles: George Sand Books, 1975.","Hovey_1975",1975,"Hovey"
"212","Hughes, Helen M. News and the Human Interest Story. Chicago: University of Chicago Press, 1940.","Hughes_1940",1940,"Hughes"
"213","Kaplan, Justin. Lincoln Steffens, A Biography. New York: Simon and Schuster, 1974.","Kaplan_1974",1974,"Kaplan"
"214","Kramer, Victoria A. James Agee. Boston: G. K. Hall, 1975.","Kramer_1975",1975,"Kramer"
"215","Lingeman, Richard. Theodore Dreiser: At the Gates of the City, 1871–1907. New York: G. P. Putnam’s Sons, 1986. ","Lingeman_1986",1986,"Lingeman"
"216","Martin, Edward A. H. L. Mencken and the Debunkers. Athens: University of Georgia Press, 1984.","Martin_1984",1984,"Martin"
"217","Moreau, Genevieve. The Restless Journey of James Agee. New York: Morrow, 1977.","Moreau_1977",1977,"Moreau"
"218","Muggli, Mark Z. “The Poetics of Joan Didion’s Journalism,” in American Literature 59:402-21 (Oct. 1987).","Muggli_1987",1987,"Muggli"
"219","Orhn, Karin. Dorothea Lange and the Documentary Tradition. Baton Rouge: Louisiana State University Press, 1980.","Orhn_1980",1980,"Orhn"
"220","Preston, Richard McCann. The Fabric of Fact: The Beginnings of American Literary Journalism. Princeton University Ph.D. dissertation, 1983.","Preston_1983",1983,"Preston"
"221","Ramperad, Arnold. The Art and Imagination of W. E. B. Du Bois. Cambridge: Harvard university Press, 1976.","Ramperad_1976",1976,"Ramperad"
"222","Sokolov, Raymond, Wayward Reporter; The Life of A. J. Liebling. New York: Harper & Row, 1980.","Sokolov_1980",1980,"Sokolov"
"223","Steinbeck, Elaine, and Robert Wallsten, editors. Steinbeck: A Life in Letters. New York: The Viking Press, 1975.","Steinbeck_1975",1975,"Steinbeck"
"224","Stephens, Robert O. Hemingway’s Nonfiction; The Public Voice. Chapel Hill: University of North Carolina Press, 1968.","Stephens_1968",1968,"Stephens"
"225","Weber, Ronald. Hemingway’s Art of Nonfiction. New York: St. Martin’s, 1990; London: Macmillan, 1990.","Weber_1990",1990,"Weber"
"226","Wolfe, Tom. The New Journalism. With an anthology edited by Tom Wolfe and E. W. Johnson. New York: Harper & Row, 1973.","Wolfe_1973",1973,"Wolfe"
"227","Ziff, Larzer. The American 1890s: Life and Times of a Lost Generation. New York: The Viking Press, 1966.","Ziff_1966",1966,"Ziff"
"228","Fishman, Donald. “Norman Mailer.” Journal of Popular Culture 9, no. 1 (Sum- mer 1975): 174/76-82/84. 20th century; Norman Mailer; New Journalism; Novels, essays.","Fishman_1975",1975,"Fishman"
